,z_nfm,zc1.1,zc6,zc5,zc9.7.2a,zc9.7.3a,zc9.7.1a,zc9.8a,zc9.101a,zc9.12a,ze1.1c,ze4,ze9.8b,ze11,ze12,ze44,ze14,ze16,zf12_a,zf14.8,zf14.12,zf14
3747,1.0,8000000.0,38.0,23.5,Нет,Нет,Нет,Нет,Да,Нет,,20000.0,2000.0,6000.0,Нет,"Не сортирует, так как нет возможности потом его раздельно выбрасывать в общественные контейнеры",Нет,Нет,Не больше недели,Нет,Нет,30222.0
3748,2.0,ЗАТРУДНЯЮСЬ ОТВЕТИТЬ,48.3,17.3,Нет,Нет,Нет,Нет,Нет,Нет,45.0,20000.0,400.0,3200.0,Нет,Сортирует пищевой и непищевой мусор,Нет,Нет,Не больше двух недель,Да,Нет,47300.0
3749,5.0,8000000.0,49.4,38.0,Нет,Нет,Нет,Нет,Да,Нет,200.0,36400.0,3000.0,6000.0,Нет,"Не сортирует, так как не считает нужным",Нет,Нет,ЗАТРУДНЯЮСЬ ОТВЕТИТЬ,Нет,Нет,190215.0
3750,1.0,ЖИЛЬЕ НЕ ПОДЛЕЖИТ ПРОДАЖЕ,34.6,20.0,Нет,Нет,Нет,Нет,Нет,Нет,32.0,10000.0,,1500.0,Нет,Сортирует пищевой и непищевой мусор,Нет,Нет,Не больше недели,Нет,Нет,30600.0
3751,1.0,ЗАТРУДНЯЮСЬ ОТВЕТИТЬ,42.4,28.5,Нет,Нет,Нет,Нет,Нет,Нет,80.0,10000.0,200.0,2800.0,Нет,"Не сортирует, но хотела бы",Нет,Нет,ЗАТРУДНЯЮСЬ ОТВЕТИТЬ,Нет,Нет,36000.0
3752,1.0,ЗАТРУДНЯЮСЬ ОТВЕТИТЬ,28.6,21.2,Нет,Нет,Нет,Нет,Нет,Нет,,7000.0,,2500.0,Нет,"Не сортирует, так как нет возможности потом его раздельно выбрасывать в общественные контейнеры",Нет,Нет,Не больше двух недель,Нет,Нет,30700.0
3753,3.0,7000000.0,32.0,18.0,Нет,Нет,Нет,Нет,Нет,Да,280.0,30000.0,1000.0,6500.0,Нет,"Не сортирует, так как не считает нужным",Нет,Нет,Не больше месяца,Нет,Нет,90000.0
3754,2.0,ЗАТРУДНЯЮСЬ ОТВЕТИТЬ,44.9,28.6,Нет,Нет,Нет,Нет,Нет,Нет,80.0,18000.0,750.0,7000.0,Нет,"Не сортирует, так как не считает нужным",Нет,Нет,ЗАТРУДНЯЮСЬ ОТВЕТИТЬ,Нет,Нет,48034.0
3755,2.0,10000000.0,47.0,31.0,Нет,Нет,Нет,Нет,Нет,Да,40.0,18000.0,750.0,5000.0,Нет,"Не сортирует, но хотела бы",Нет,Нет,Не больше месяца,Нет,Нет,45000.0
3756,5.0,10500000.0,54.6,48.0,Нет,Да,Нет,Нет,Нет,Нет,350.0,50000.0,1500.0,9000.0,Нет,"Не сортирует, так как нет возможности потом его раздельно выбрасывать в общественные контейнеры",Нет,Нет,Ни одного дня,Да,Нет,104309.0
3757,1.0,ЗАТРУДНЯЮСЬ ОТВЕТИТЬ,56.0,46.0,Нет,Нет,Нет,Нет,Да,Нет,ЗАТРУДНЯЮСЬ ОТВЕТИТЬ,10000.0,,,Нет,Сортирует пищевой и непищевой мусор,Нет,Нет,ЗАТРУДНЯЮСЬ ОТВЕТИТЬ,Нет,Нет,ЗАТРУДНЯЮСЬ ОТВЕТИТЬ
3758,1.0,ЗАТРУДНЯЮСЬ ОТВЕТИТЬ,37.3,18.9,Нет,Нет,Нет,Нет,Нет,Нет,23.0,12000.0,450.0,6500.0,Нет,"Не сортирует, так как нет возможности потом его раздельно выбрасывать в общественные контейнеры",Нет,Нет,Не больше месяца,Нет,Нет,25478.0
3759,2.0,ЗАТРУДНЯЮСЬ ОТВЕТИТЬ,48.6,34.0,Нет,Нет,Нет,Нет,Нет,Нет,68.0,22000.0,600.0,7800.0,Нет,"Сортирует и даже специально сдает использованные батарейки, электронику, пластик, алюминиевые банки и др.в пункты приема",Нет,Нет,Не больше двух недель,Нет,Нет,71000.0
3760,2.0,ЗАТРУДНЯЮСЬ ОТВЕТИТЬ,34.6,23.6,Нет,Нет,Нет,Нет,Да,Нет,35.0,3500.0,500.0,6300.0,Нет,"Не сортирует, так как нет возможности потом его раздельно выбрасывать в общественные контейнеры",Нет,Нет,Не больше двух недель,Нет,Нет,12500.0
3761,2.0,20000000.0,54.0,41.0,Нет,Нет,Нет,Нет,Нет,Нет,45.0,15000.0,2000.0,8500.0,Нет,"Не сортирует, так как нет возможности потом его раздельно выбрасывать в общественные контейнеры",Нет,Нет,Не больше двух недель,Да,Нет,90000.0
3762,1.0,15000000.0,77.0,53.0,Нет,Нет,Нет,Нет,Да,Нет,48.0,10000.0,470.0,8000.0,Нет,Сортирует пищевой и непищевой мусор,Нет,Нет,Не больше недели,Нет,Нет,29000.0
3763,1.0,НЕТ ОТВЕТА,64.0,35.0,Нет,Нет,Нет,Нет,Нет,Да,41.0,10000.0,200.0,9000.0,Нет,"Не сортирует, так как нет возможности потом его раздельно выбрасывать в общественные контейнеры",Нет,Да,Полгода и больше,Нет,Да,104700.0
3764,1.0,ЗАТРУДНЯЮСЬ ОТВЕТИТЬ,35.2,20.1,Нет,Нет,Нет,Нет,Да,Нет,,12000.0,100.0,600.0,Нет,Сортирует пищевой и непищевой мусор,Нет,Нет,Не больше месяца,Нет,Нет,21300.0
3765,3.0,ЖИЛЬЕ ПРОДАТЬ НЕВОЗМОЖНО,54.3,36.5,Нет,Нет,Нет,Нет,Нет,Нет,220.0,30000.0,1200.0,7000.0,Нет,Сортирует пищевой и непищевой мусор,Нет,Нет,Не больше двух недель,Нет,Нет,62000.0
3766,2.0,ЗАТРУДНЯЮСЬ ОТВЕТИТЬ,57.3,12.0,Нет,Нет,Нет,Нет,Нет,Нет,80.0,8000.0,300.0,3000.0,Нет,Сортирует пищевой и непищевой мусор,Нет,Нет,Не больше недели,Да,Нет,45000.0
3767,1.0,ЗАТРУДНЯЮСЬ ОТВЕТИТЬ,28.7,21.8,Нет,Нет,Нет,Нет,Да,Нет,160.0,12000.0,300.0,3650.0,Нет,Сортирует пищевой и непищевой мусор,Нет,Нет,Не больше двух недель,Нет,Нет,28000.0
3768,2.0,ЖИЛЬЕ ПРОДАТЬ НЕВОЗМОЖНО,56.9,34.8,Нет,Нет,Нет,Нет,Нет,Нет,210.0,17000.0,450.0,4100.0,Нет,Сортирует пищевой и непищевой мусор,Нет,Нет,Ни одного дня,Нет,Нет,26000.0
3769,1.0,ЗАТРУДНЯЮСЬ ОТВЕТИТЬ,42.6,36.0,Нет,Нет,Нет,Нет,Нет,Нет,,15000.0,300.0,10000.0,Да,"Не сортирует, так как нет возможности потом его раздельно выбрасывать в общественные контейнеры",Нет,Нет,Не больше недели,Нет,Да,53000.0
3770,2.0,15000000.0,98.0,76.0,Нет,Да,Нет,Нет,Да,Нет,,25000.0,800.0,5800.0,Нет,"Сортирует и даже специально сдает использованные батарейки, электронику, пластик, алюминиевые банки и др.в пункты приема",Нет,Да,Полгода и больше,Нет,Нет,72100.0
3771,3.0,ЗАТРУДНЯЮСЬ ОТВЕТИТЬ,72.0,50.0,Нет,Нет,Нет,Нет,Нет,Нет,84.0,18000.0,1200.0,7970.0,Нет,"Не сортирует, так как нет возможности потом его раздельно выбрасывать в общественные контейнеры",Нет,Нет,Не больше недели,Нет,Нет,45000.0
3772,1.0,ЗАТРУДНЯЮСЬ ОТВЕТИТЬ,71.0,56.0,Нет,Нет,Нет,Нет,Нет,Нет,,15000.0,300.0,3700.0,Нет,"Сортирует и даже специально сдает использованные батарейки, электронику, пластик, алюминиевые банки и др.в пункты приема",Нет,Нет,Несколько месяцев,Нет,Нет,70000.0
3773,1.0,ЗАТРУДНЯЮСЬ ОТВЕТИТЬ,24.0,16.0,Нет,Нет,Нет,Нет,Нет,Нет,38.0,24000.0,1200.0,4100.0,Нет,"Сортирует и даже специально сдает использованные батарейки, электронику, пластик, алюминиевые банки и др.в пункты приема",Нет,Нет,Несколько месяцев,Нет,Нет,80000.0
3774,2.0,8000000.0,44.0,28.0,Нет,Нет,Нет,Нет,Да,Нет,50.0,40000.0,3000.0,7000.0,Нет,"Не сортирует, так как не считает нужным",Нет,ЗАТРУДНЯЮСЬ ОТВЕТИТЬ,Полгода и больше,Нет,Нет,ОТКАЗ ОТ ОТВЕТА
3775,4.0,11000000.0,46.0,21.9,Нет,Да,Нет,Нет,Да,Нет,280.0,30000.0,1500.0,6000.0,Нет,"Сортирует и даже специально сдает использованные батарейки, электронику, пластик, алюминиевые банки и др.в пункты приема",Нет,Нет,Не больше недели,Да,Нет,140000.0
3776,1.0,15000000.0,68.0,52.0,Нет,Нет,Нет,Нет,Нет,Да,,20000.0,900.0,7500.0,Да,"Не сортирует, так как нет возможности потом его раздельно выбрасывать в общественные контейнеры",Нет,Нет,Не больше месяца,Да,Нет,64000.0
3777,2.0,15000000.0,80.0,48.0,Нет,Да,Нет,Нет,Да,Нет,,15000.0,1500.0,8000.0,Нет,"Не сортирует, так как не считает нужным",Нет,Нет,Не больше недели,Нет,Нет,61200.0
3778,1.0,12000000.0,78.0,47.0,Да,Нет,Нет,Нет,Да,Нет,80.0,5000.0,310.0,6000.0,Нет,"Не сортирует, так как нет возможности потом его раздельно выбрасывать в общественные контейнеры",Нет,Нет,Несколько месяцев,Нет,Нет,21000.0
3779,2.0,ЗАТРУДНЯЮСЬ ОТВЕТИТЬ,37.0,30.0,Нет,Нет,Нет,Нет,Нет,Нет,40.0,15000.0,1000.0,3500.0,Нет,"Сортирует и даже специально сдает использованные батарейки, электронику, пластик, алюминиевые банки и др.в пункты приема",Нет,Нет,Не больше месяца,Нет,Нет,46000.0
3780,1.0,ЗАТРУДНЯЮСЬ ОТВЕТИТЬ,37.4,21.0,Нет,Нет,Нет,Нет,Нет,Нет,15.0,10000.0,150.0,5000.0,Нет,"Сортирует и даже специально сдает использованные батарейки, электронику, пластик, алюминиевые банки и др.в пункты приема",Нет,Да,Несколько месяцев,Нет,Нет,21000.0
3781,3.0,ЗАТРУДНЯЮСЬ ОТВЕТИТЬ,60.2,32.6,Нет,Нет,Нет,Нет,Нет,Нет,,30000.0,1000.0,3500.0,Нет,Сортирует пищевой и непищевой мусор,Нет,Нет,Ни одного дня,Нет,Нет,52000.0
3782,1.0,ЗАТРУДНЯЮСЬ ОТВЕТИТЬ,45.3,30.7,Нет,Нет,Нет,Нет,Нет,Нет,40.0,8000.0,150.0,4400.0,Нет,"Сортирует и даже специально сдает использованные батарейки, электронику, пластик, алюминиевые банки и др.в пункты приема",Нет,Нет,Несколько месяцев,Нет,Нет,25000.0
3783,1.0,nan,43.0,20.0,Нет,Нет,Нет,Нет,Нет,Нет,40.0,15000.0,1000.0,26000.0,Нет,"Не сортирует, но хотела бы",Нет,Нет,Несколько месяцев,Нет,Нет,70000.0
3784,2.0,ЗАТРУДНЯЮСЬ ОТВЕТИТЬ,37.4,30.0,Нет,Нет,Нет,Нет,Нет,Нет,,20000.0,1500.0,5800.0,Нет,Сортирует пищевой и непищевой мусор,Нет,Нет,Не больше недели,Нет,Нет,63000.0
3785,4.0,ЗАТРУДНЯЮСЬ ОТВЕТИТЬ,75.0,42.0,Нет,Нет,Нет,Нет,Нет,Нет,25.0,30000.0,1600.0,7200.0,Нет,"Сортирует и даже специально сдает использованные батарейки, электронику, пластик, алюминиевые банки и др.в пункты приема",Нет,Нет,Не больше месяца,Нет,Нет,96400.0
3786,3.0,ЗАТРУДНЯЮСЬ ОТВЕТИТЬ,80.0,55.0,Нет,Нет,Нет,Да,Да,Нет,40.0,ЗАТРУДНЯЮСЬ ОТВЕТИТЬ,1500.0,4100.0,Нет,"Не сортирует, но хотела бы",Нет,Да,Не больше месяца,Нет,Нет,93000.0
3787,4.0,10000000.0,53.0,33.0,Нет,Да,Нет,Нет,Да,Нет,130.0,40000.0,2600.0,7240.0,Нет,"Не сортирует, так как не считает нужным",Нет,Нет,Не больше недели,Да,Нет,186600.0
3788,4.0,13000000.0,53.8,35.0,Нет,Нет,Нет,Нет,Нет,Да,225.0,30000.0,1700.0,7200.0,Нет,ЗАТРУДНЯЮСЬ ОТВЕТИТЬ,Нет,Нет,Полгода и больше,Да,Нет,115000.0
3789,1.0,10000000.0,51.0,30.0,Нет,Нет,Нет,Нет,Нет,Нет,50.0,10000.0,500.0,6000.0,Нет,"Не сортирует, но хотела бы",Нет,Да,Не больше месяца,Нет,Нет,27060.0
3790,1.0,15000000.0,54.0,43.0,Нет,Нет,Нет,Нет,Нет,Нет,200.0,13000.0,,,Да,"Не сортирует, так как не считает нужным",Нет,Нет,Несколько месяцев,Нет,Нет,30504.0
3791,3.0,ЗАТРУДНЯЮСЬ ОТВЕТИТЬ,58.0,55.0,Нет,Да,Нет,Нет,Да,Да,40.0,15000.0,1500.0,10000.0,Нет,Сортирует пищевой и непищевой мусор,Да,Да,Полгода и больше,Нет,Да,109920.0
3792,3.0,8000000.0,53.0,28.0,Нет,Да,Нет,Нет,Нет,Да,200.0,25000.0,1300.0,6500.0,Нет,"Не сортирует, так как не считает нужным",Нет,Нет,Не больше месяца,Нет,Нет,54000.0
3793,4.0,20000000.0,60.0,40.0,Нет,Да,Нет,Нет,Да,Да,150.0,40000.0,2000.0,10000.0,Нет,"Не сортирует, но хотела бы",Нет,Нет,Не больше недели,Да,Нет,204000.0
3794,1.0,ЗАТРУДНЯЮСЬ ОТВЕТИТЬ,50.6,37.0,Нет,Нет,Нет,Нет,Да,Нет,42.0,7000.0,300.0,7000.0,Нет,"Не сортирует, но хотела бы",Нет,Да,Не больше недели,Нет,Нет,20450.0
3795,4.0,20000000.0,86.0,60.0,Нет,Да,Нет,Нет,Да,Нет,50.0,16000.0,3000.0,9000.0,Нет,"Не сортирует, так как не считает нужным",Нет,Нет,Не больше недели,Да,Нет,185000.0
3796,3.0,ЗАТРУДНЯЮСЬ ОТВЕТИТЬ,80.0,52.0,Нет,Да,Нет,Нет,Да,Нет,38.0,20000.0,1500.0,8000.0,Нет,"Не сортирует, так как не считает нужным",Нет,Нет,Не больше месяца,Нет,Нет,108000.0
3797,1.0,ЗАТРУДНЯЮСЬ ОТВЕТИТЬ,77.4,57.0,Нет,Нет,Нет,Нет,Да,Нет,,15000.0,50.0,,Нет,"Не сортирует, но хотела бы",Нет,Нет,Не больше месяца,Нет,Нет,26333.0
3798,2.0,ЗАТРУДНЯЮСЬ ОТВЕТИТЬ,73.0,54.2,Нет,Нет,Нет,Нет,Да,Нет,156.0,20000.0,500.0,,Нет,"Не сортирует, так как не считает нужным",Нет,Да,Несколько месяцев,Нет,Нет,49500.0
3799,3.0,ЗАТРУДНЯЮСЬ ОТВЕТИТЬ,60.2,39.7,Нет,Нет,Нет,Нет,Да,Нет,90.0,35000.0,500.0,8067.0,Нет,Сортирует пищевой и непищевой мусор,Нет,Нет,Не больше месяца,Да,Нет,60940.0
3800,1.0,ЗАТРУДНЯЮСЬ ОТВЕТИТЬ,59.9,44.5,Нет,Нет,Нет,Нет,Нет,Нет,24.0,10000.0,300.0,6256.0,Нет,"Не сортирует, так как не считает нужным",Нет,Нет,Не больше недели,Нет,Нет,42100.0
3801,2.0,ЗАТРУДНЯЮСЬ ОТВЕТИТЬ,30.2,18.2,Нет,Да,Нет,Нет,Нет,Да,45.0,15000.0,1000.0,5300.0,Нет,"Не сортирует, так как не считает нужным",Нет,Нет,Несколько месяцев,Да,Нет,522700.0
3802,2.0,ЗАТРУДНЯЮСЬ ОТВЕТИТЬ,45.5,29.8,Нет,Да,Нет,Нет,Да,Да,90.0,20000.0,1900.0,5655.0,Нет,"Не сортирует, так как не считает нужным",Нет,Да,Не больше двух недель,Нет,Нет,77086.0
3803,5.0,ЗАТРУДНЯЮСЬ ОТВЕТИТЬ,59.5,38.6,Нет,Да,Нет,Нет,Нет,Да,135.0,40000.0,1100.0,9756.0,Нет,"Не сортирует, так как не считает нужным",Нет,Да,Полгода и больше,Нет,Нет,181807.0
3804,1.0,ЗАТРУДНЯЮСЬ ОТВЕТИТЬ,45.5,29.8,Нет,Нет,Нет,Нет,Да,Нет,35.0,8000.0,500.0,4100.0,Нет,"Не сортирует, так как не считает нужным",Нет,Да,Не больше недели,Нет,Нет,36100.0
3805,2.0,ЗАТРУДНЯЮСЬ ОТВЕТИТЬ,45.5,29.8,Нет,Нет,Нет,Нет,Нет,Да,100.0,20000.0,425.0,7363.0,Нет,"Не сортирует, так как не считает нужным",Нет,Да,Несколько месяцев,Нет,Нет,90000.0
3806,3.0,15000000.0,76.4,50.3,Нет,Да,Нет,Нет,Да,Да,300.0,28000.0,1100.0,6800.0,Нет,"Не сортирует, но хотела бы",Нет,Нет,Не больше месяца,Нет,Нет,60000.0
3807,1.0,ЗАТРУДНЯЮСЬ ОТВЕТИТЬ,94.0,56.0,Нет,Нет,Нет,Нет,Нет,Нет,80.0,10000.0,550.0,7800.0,Нет,Сортирует пищевой и непищевой мусор,Нет,Нет,Несколько месяцев,Нет,Нет,66200.0
3808,3.0,ЗАТРУДНЯЮСЬ ОТВЕТИТЬ,53.6,39.7,Нет,Нет,Нет,Нет,Нет,Нет,130.0,15000.0,500.0,5200.0,Нет,"Не сортирует, так как нет возможности потом его раздельно выбрасывать в общественные контейнеры",Нет,Нет,Не больше месяца,Нет,Нет,47000.0
3809,4.0,14000000.0,63.4,44.0,Нет,Нет,Нет,Нет,Нет,Нет,35.0,25000.0,1000.0,12000.0,Нет,"Не сортирует, так как нет возможности потом его раздельно выбрасывать в общественные контейнеры",Нет,Нет,Несколько месяцев,Нет,Нет,136000.0
3810,1.0,15000000.0,63.4,40.5,Нет,Да,Нет,Нет,Да,Нет,,8000.0,275.0,6000.0,Да,"Не сортирует, так как не считает нужным",Нет,Нет,Не больше недели,Да,Нет,60000.0
3811,3.0,ЗАТРУДНЯЮСЬ ОТВЕТИТЬ,58.5,41.5,Нет,Да,Нет,Нет,Да,Нет,80.0,13000.0,1000.0,4973.0,Нет,"Не сортирует, так как нет возможности потом его раздельно выбрасывать в общественные контейнеры",Да,Нет,Не больше месяца,Нет,Да,64000.0
3812,4.0,ЗАТРУДНЯЮСЬ ОТВЕТИТЬ,76.0,30.0,Нет,Да,Нет,Нет,Да,Нет,320.0,30000.0,2000.0,7500.0,Нет,"Не сортирует, но хотела бы",Нет,Нет,Ни одного дня,Нет,Нет,89400.0
3813,3.0,ЗАТРУДНЯЮСЬ ОТВЕТИТЬ,53.5,18.0,Да,Нет,Нет,Нет,Да,Да,140.0,35000.0,2500.0,4200.0,Нет,"Не сортирует, но хотела бы",Нет,Нет,Ни одного дня,Нет,Нет,143190.0
3814,4.0,ЗАТРУДНЯЮСЬ ОТВЕТИТЬ,55.6,28.0,Нет,Да,Нет,Нет,Да,Да,185.0,40000.0,1000.0,10000.0,Нет,Сортирует пищевой и непищевой мусор,Нет,Нет,Не больше недели,Нет,Нет,142000.0
3815,1.0,ЗАТРУДНЯЮСЬ ОТВЕТИТЬ,74.0,18.0,Нет,Нет,Нет,Нет,Да,Нет,120.0,12000.0,300.0,6000.0,Нет,Сортирует пищевой и непищевой мусор,Нет,Да,Ни одного дня,Нет,Нет,35000.0
3816,4.0,12000000.0,55.4,34.2,Нет,Да,Нет,Нет,Да,Нет,150.0,ЗАТРУДНЯЮСЬ ОТВЕТИТЬ,1200.0,6820.0,Нет,Сортирует пищевой и непищевой мусор,Да,ОТКАЗ ОТ ОТВЕТА,ЗАТРУДНЯЮСЬ ОТВЕТИТЬ,Нет,Да,110000.0
3817,2.0,ЗАТРУДНЯЮСЬ ОТВЕТИТЬ,63.6,42.0,Нет,Да,Нет,Нет,Да,Нет,150.0,ЗАТРУДНЯЮСЬ ОТВЕТИТЬ,1000.0,5120.0,Нет,Сортирует пищевой и непищевой мусор,Нет,Нет,Полгода и больше,Нет,Нет,75500.0
3818,2.0,ЗАТРУДНЯЮСЬ ОТВЕТИТЬ,54.0,32.0,Да,Нет,Нет,Нет,Нет,Нет,200.0,ЗАТРУДНЯЮСЬ ОТВЕТИТЬ,400.0,8200.0,Нет,"Не сортирует, так как не считает нужным",Нет,Нет,Не больше месяца,Нет,Нет,120000.0
3819,2.0,ЗАТРУДНЯЮСЬ ОТВЕТИТЬ,28.6,18.4,Нет,Нет,Нет,Нет,Да,Нет,120.0,20000.0,600.0,3280.0,Нет,"Не сортирует, так как не считает нужным",Нет,Нет,Не больше двух недель,Нет,Нет,41000.0
3820,2.0,nan,32.6,20.2,Нет,Нет,Нет,Нет,Нет,Нет,100.0,15000.0,600.0,25000.0,Нет,"Не сортирует, так как не считает нужным",Нет,Нет,Не больше двух недель,Нет,Нет,60000.0
3821,2.0,ЗАТРУДНЯЮСЬ ОТВЕТИТЬ,73.6,50.2,Нет,Да,Нет,Нет,Да,Нет,100.0,25000.0,300.0,5120.0,Нет,"Не сортирует, но хотела бы",Нет,Да,Полгода и больше,Нет,Нет,71000.0
3822,1.0,ЗАТРУДНЯЮСЬ ОТВЕТИТЬ,37.4,22.8,Да,Нет,Нет,Нет,Нет,Нет,67.0,18000.0,500.0,1502.51,Нет,"Не сортирует, но хотела бы",Нет,Нет,Несколько месяцев,Нет,Нет,38000.0
3823,1.0,ЗАТРУДНЯЮСЬ ОТВЕТИТЬ,31.2,18.8,Нет,Нет,Нет,Нет,Нет,Нет,,10000.0,300.0,,Нет,Сортирует пищевой и непищевой мусор,Нет,Нет,Не больше месяца,Нет,Нет,25000.0
3824,3.0,ЗАТРУДНЯЮСЬ ОТВЕТИТЬ,65.6,30.0,Нет,Да,Нет,Нет,Да,Нет,70.0,25000.0,800.0,7800.0,Нет,Сортирует пищевой и непищевой мусор,Да,Да,Не больше месяца,Нет,Да,223100.0
3825,1.0,ЗАТРУДНЯЮСЬ ОТВЕТИТЬ,64.0,42.0,Нет,Нет,Нет,Нет,Нет,Нет,70.0,20000.0,150.0,5400.0,Нет,"Не сортирует, так как нет возможности потом его раздельно выбрасывать в общественные контейнеры",Нет,Да,Полгода и больше,Нет,Нет,59600.0
3826,1.0,ЗАТРУДНЯЮСЬ ОТВЕТИТЬ,35.0,19.0,Нет,Нет,Нет,Нет,Нет,Нет,80.0,10000.0,ЗАТРУДНЯЮСЬ ОТВЕТИТЬ,,Нет,"Не сортирует, так как нет возможности потом его раздельно выбрасывать в общественные контейнеры",Нет,Нет,Ни одного дня,Нет,Нет,33000.0
3827,1.0,ЗАТРУДНЯЮСЬ ОТВЕТИТЬ,63.0,39.0,Нет,Нет,Нет,Нет,Нет,Нет,45.0,12000.0,500.0,5250.0,Нет,"Не сортирует, но хотела бы",Нет,Нет,Полгода и больше,Нет,Нет,57000.0
3828,1.0,ЗАТРУДНЯЮСЬ ОТВЕТИТЬ,62.5,39.0,Нет,Нет,Нет,Нет,Нет,Нет,39.0,14000.0,ЗАТРУДНЯЮСЬ ОТВЕТИТЬ,3100.0,Нет,Сортирует пищевой и непищевой мусор,Нет,Нет,Не больше недели,Нет,Да,64000.0
3829,2.0,ЗАТРУДНЯЮСЬ ОТВЕТИТЬ,38.7,24.0,Нет,Нет,Нет,Нет,Нет,Нет,52.0,16000.0,500.0,7000.0,Нет,"Сортирует и даже специально сдает использованные батарейки, электронику, пластик, алюминиевые банки и др.в пункты приема",Нет,Нет,Не больше двух недель,Нет,Нет,51750.0
3830,4.0,10000000.0,41.0,24.0,Нет,Да,Нет,Нет,Да,Нет,,22000.0,1000.0,3500.0,Нет,"Не сортирует, так как нет возможности потом его раздельно выбрасывать в общественные контейнеры",Нет,Да,Не больше месяца,Да,Да,150000.0
3831,2.0,10000000.0,49.0,28.5,Нет,Нет,Нет,Нет,Нет,Да,90.0,10000.0,200.0,4400.0,Нет,"Не сортирует, так как нет возможности потом его раздельно выбрасывать в общественные контейнеры",Нет,Да,Полгода и больше,Нет,Нет,58000.0
3832,3.0,10000000.0,64.9,43.3,Нет,Нет,Нет,Нет,Да,Нет,,15000.0,1800.0,5000.0,Нет,"Сортирует и даже специально сдает использованные батарейки, электронику, пластик, алюминиевые банки и др.в пункты приема",Нет,Нет,Не больше месяца,Нет,Нет,136000.0
3833,4.0,ЗАТРУДНЯЮСЬ ОТВЕТИТЬ,30.2,16.8,Нет,Да,Нет,Нет,Да,Нет,170.0,35000.0,880.0,5000.0,Да,"Не сортирует, так как нет возможности потом его раздельно выбрасывать в общественные контейнеры",Нет,Нет,Ни одного дня,Нет,Нет,89000.0
3834,4.0,10000000.0,67.0,ЗАТРУДНЯЮСЬ ОТВЕТИТЬ,Нет,Да,Нет,Нет,Да,Нет,400.0,30000.0,3000.0,12000.0,Нет,"Не сортирует, так как нет возможности потом его раздельно выбрасывать в общественные контейнеры",Нет,Нет,Не больше двух недель,Нет,Нет,128000.0
3835,2.0,ЗАТРУДНЯЮСЬ ОТВЕТИТЬ,53.0,39.0,Нет,Нет,Нет,Нет,Нет,Нет,37.0,20000.0,ЗАТРУДНЯЮСЬ ОТВЕТИТЬ,7500.0,Нет,"Не сортирует, так как нет возможности потом его раздельно выбрасывать в общественные контейнеры",Нет,Нет,Ни одного дня,Нет,Нет,32800.0
3836,4.0,12000000.0,63.0,43.0,Нет,Нет,Нет,Нет,Нет,Нет,330.0,40000.0,1800.0,7500.0,Нет,"Не сортирует, так как не считает нужным",Нет,Нет,Не больше недели,Нет,Нет,110000.0
3837,4.0,6000000.0,34.2,19.0,Нет,Да,Нет,Нет,Нет,Да,,80000.0,3000.0,4500.0,Нет,"Не сортирует, но хотела бы",Нет,Нет,Не больше месяца,Нет,Нет,222000.0
3838,3.0,10000000.0,41.4,25.7,Да,Нет,Нет,Да,Нет,Да,200.0,30000.0,1300.0,5000.0,Нет,Сортирует пищевой и непищевой мусор,Нет,Да,Несколько месяцев,Нет,Нет,185000.0
3839,2.0,6000000.0,63.4,41.4,Нет,Нет,Нет,Нет,Да,Нет,38.0,10000.0,1000.0,6000.0,Нет,"Не сортирует, так как нет возможности потом его раздельно выбрасывать в общественные контейнеры",Нет,Нет,Несколько месяцев,Нет,Нет,36000.0
3840,2.0,ЗАТРУДНЯЮСЬ ОТВЕТИТЬ,42.0,27.0,Нет,Нет,Нет,Нет,Нет,Нет,35.0,20000.0,500.0,2500.0,Нет,Сортирует пищевой и непищевой мусор,Нет,Нет,Несколько месяцев,Нет,Нет,55600.0
3841,2.0,ЗАТРУДНЯЮСЬ ОТВЕТИТЬ,58.0,34.2,Нет,Нет,Нет,Нет,Нет,Нет,30.0,15000.0,601.0,4242.0,Нет,"Не сортирует, но хотела бы",Нет,Нет,Полгода и больше,Нет,Нет,56500.0
3842,2.0,ЗАТРУДНЯЮСЬ ОТВЕТИТЬ,42.3,23.6,Нет,Нет,Нет,Нет,Нет,Нет,100.0,20000.0,1100.0,5200.0,Нет,"Не сортирует, так как нет возможности потом его раздельно выбрасывать в общественные контейнеры",Нет,Да,Не больше месяца,Нет,Нет,67320.0
3843,4.0,ЗАТРУДНЯЮСЬ ОТВЕТИТЬ,104.3,63.0,Да,Нет,Нет,Нет,Нет,Нет,100.0,40000.0,1700.0,5000.0,Нет,Сортирует пищевой и непищевой мусор,Нет,Нет,Не больше двух недель,Да,Нет,103600.0
3844,5.0,ЗАТРУДНЯЮСЬ ОТВЕТИТЬ,93.5,67.6,Нет,Да,Нет,Нет,Да,Нет,120.0,32000.0,3000.0,9700.0,Нет,Сортирует пищевой и непищевой мусор,Нет,Да,Не больше месяца,Нет,Нет,128000.0
3845,1.0,ЗАТРУДНЯЮСЬ ОТВЕТИТЬ,63.3,18.6,Нет,Да,Нет,Нет,Нет,Нет,,18000.0,400.0,,Нет,"Не сортирует, так как нет возможности потом его раздельно выбрасывать в общественные контейнеры",Нет,Да,Не больше месяца,Нет,Нет,48500.0
3846,2.0,ЖИЛЬЕ ПРОДАТЬ НЕВОЗМОЖНО,32.6,18.0,Нет,Нет,Нет,Нет,Нет,Нет,36.0,17000.0,600.0,4800.0,Нет,"Не сортирует, но хотела бы",Нет,Нет,Не больше недели,Нет,Нет,52600.0
3847,2.0,ЗАТРУДНЯЮСЬ ОТВЕТИТЬ,43.2,37.6,Нет,Нет,Нет,Нет,Да,Нет,56.0,14000.0,,5300.0,Нет,Сортирует пищевой и непищевой мусор,Нет,Да,Не больше месяца,Нет,Нет,56500.0
3848,2.0,7000000.0,30.2,22.0,Да,Нет,Нет,Нет,Да,Нет,80.0,9000.0,700.0,5000.0,Нет,"Не сортирует, так как не считает нужным",Нет,ЗАТРУДНЯЮСЬ ОТВЕТИТЬ,Несколько месяцев,Нет,Нет,64000.0
3849,1.0,6000000.0,32.0,20.0,Нет,Нет,Нет,Нет,Нет,Нет,60.0,6500.0,100.0,7000.0,Нет,"Не сортирует, так как не считает нужным",Нет,Нет,Несколько месяцев,Нет,Нет,23700.0
3850,2.0,7000000.0,42.7,27.0,Нет,Нет,Нет,Нет,Да,Нет,80.0,16000.0,700.0,3500.0,Нет,"Не сортирует, но хотела бы",Нет,ЗАТРУДНЯЮСЬ ОТВЕТИТЬ,Несколько месяцев,Нет,Нет,70000.0
3851,4.0,ЗАТРУДНЯЮСЬ ОТВЕТИТЬ,49.0,28.0,Нет,Да,Нет,Нет,Да,Да,188.0,25000.0,1200.0,9200.0,Нет,"Не сортирует, так как нет возможности потом его раздельно выбрасывать в общественные контейнеры",Нет,Нет,Не больше месяца,Нет,Нет,111600.0
3852,2.0,ЗАТРУДНЯЮСЬ ОТВЕТИТЬ,48.6,28.2,Нет,Да,Нет,Нет,Нет,Нет,104.0,30000.0,2800.0,7500.0,Да,"Не сортирует, но хотела бы",Нет,Нет,Не больше месяца,Да,Нет,160000.0
3853,1.0,ЗАТРУДНЯЮСЬ ОТВЕТИТЬ,42.8,27.4,Нет,Нет,Нет,Нет,Нет,Нет,,7500.0,150.0,2700.0,Нет,"Не сортирует, так как нет возможности потом его раздельно выбрасывать в общественные контейнеры",Нет,Нет,Не больше месяца,Нет,Да,39800.0
3854,1.0,ЗАТРУДНЯЮСЬ ОТВЕТИТЬ,42.3,28.0,Нет,Нет,Нет,Нет,Нет,Нет,63.0,12000.0,700.0,5500.0,Нет,"Не сортирует, так как нет возможности потом его раздельно выбрасывать в общественные контейнеры",Нет,Нет,Не больше двух недель,Нет,Нет,55000.0
3855,4.0,ОТКАЗ ОТ ОТВЕТА,57.8,37.2,Нет,Нет,Нет,Нет,Нет,Да,114.0,40000.0,2150.0,9000.0,Нет,"Не сортирует, так как не считает нужным",Нет,Нет,Не больше месяца,Да,Нет,153200.0
3856,2.0,ЗАТРУДНЯЮСЬ ОТВЕТИТЬ,35.6,18.0,Да,Нет,Нет,Нет,Да,Нет,40.0,20000.0,500.0,4800.0,Нет,Сортирует пищевой и непищевой мусор,Нет,Нет,Не больше двух недель,Нет,Нет,52700.0
3857,2.0,ЗАТРУДНЯЮСЬ ОТВЕТИТЬ,68.0,48.0,Нет,Нет,Нет,Нет,Нет,Нет,,24000.0,600.0,5500.0,Нет,Сортирует пищевой и непищевой мусор,Нет,Нет,Не больше месяца,Нет,Нет,131194.0
3858,1.0,ЗАТРУДНЯЮСЬ ОТВЕТИТЬ,42.6,26.6,Нет,Нет,Нет,Нет,Нет,Нет,40.0,15000.0,500.0,4000.0,Да,"Не сортирует, так как нет возможности потом его раздельно выбрасывать в общественные контейнеры",Нет,Нет,Не больше недели,Да,Нет,37000.0
3859,1.0,ЗАТРУДНЯЮСЬ ОТВЕТИТЬ,58.7,41.8,Нет,Нет,Нет,Нет,Нет,Нет,39.0,15000.0,350.0,6300.0,Нет,"Не сортирует, так как нет возможности потом его раздельно выбрасывать в общественные контейнеры",Нет,Да,Полгода и больше,Нет,Нет,32250.0
3860,2.0,ЗАТРУДНЯЮСЬ ОТВЕТИТЬ,30.0,18.0,Нет,Нет,Нет,Нет,Нет,Нет,78.0,25000.0,800.0,6500.0,Нет,"Не сортирует, так как не считает нужным",Нет,Да,Несколько месяцев,Нет,Нет,56200.0
3861,1.0,6000000.0,52.0,44.0,Нет,Нет,Нет,Нет,Да,Нет,35.0,15000.0,1000.0,6500.0,Нет,"Не сортирует, но хотела бы",Нет,Нет,Несколько месяцев,Нет,Нет,32300.0
3862,4.0,5000000.0,53.0,48.0,Нет,Нет,Нет,Нет,Да,Нет,40.0,30000.0,2500.0,7000.0,Нет,"Не сортирует, так как не считает нужным",Нет,Нет,Не больше месяца,Нет,Нет,134000.0
3863,4.0,5000000.0,33.0,18.5,Нет,Да,Нет,Нет,Нет,Нет,100.0,25000.0,3000.0,7500.0,Нет,"Не сортирует, так как не считает нужным",Нет,Нет,Несколько месяцев,Нет,Нет,143000.0
3864,3.0,4000000.0,31.7,21.5,Нет,Да,Нет,Нет,Да,Нет,35.0,25000.0,1500.0,6000.0,Нет,"Не сортирует, так как не считает нужным",Нет,Нет,Несколько месяцев,Нет,Нет,137000.0
3865,3.0,4000000.0,36.0,22.0,Нет,Нет,Нет,Нет,Да,Нет,,30000.0,3000.0,7000.0,Нет,Сортирует пищевой и непищевой мусор,Нет,Нет,Несколько месяцев,Нет,Нет,170000.0
3866,4.0,3500000.0,49.0,36.0,Нет,Да,Нет,Нет,Нет,Да,80.0,40000.0,4000.0,7000.0,Нет,"Не сортирует, так как не считает нужным",Нет,Нет,Не больше месяца,Нет,Нет,100000.0
3867,4.0,5000000.0,45.0,27.0,Нет,Да,Нет,Нет,Да,Да,100.0,35000.0,2000.0,8000.0,Нет,"Не сортирует, так как не считает нужным",Нет,Нет,Несколько месяцев,Нет,Нет,195000.0
3868,4.0,6000000.0,58.0,46.0,Нет,Да,Нет,Нет,Да,Нет,50.0,30000.0,2000.0,7500.0,Нет,"Не сортирует, так как не считает нужным",Нет,Нет,Не больше месяца,Нет,Нет,102000.0
3869,2.0,4500000.0,50.0,30.0,Нет,Нет,Нет,Нет,Да,Нет,50.0,10000.0,750.0,4000.0,Нет,"Не сортирует, так как не считает нужным",Нет,Нет,Не больше месяца,Нет,Нет,113000.0
3870,3.0,7000000.0,62.5,47.0,Нет,Да,Нет,Нет,Да,Нет,36.0,25000.0,2000.0,7000.0,Нет,"Не сортирует, так как не считает нужным",Нет,Нет,Не больше месяца,Нет,Нет,141000.0
3871,2.0,6000000.0,44.0,27.0,Нет,Да,Нет,Нет,Да,Нет,60.0,20000.0,2000.0,8000.0,Нет,"Не сортирует, так как не считает нужным",Нет,Нет,Не больше месяца,Нет,Нет,64000.0
3872,1.0,ЗАТРУДНЯЮСЬ ОТВЕТИТЬ,44.2,27.0,Нет,Нет,Нет,Нет,Да,Нет,40.0,16000.0,500.0,10000.0,Нет,"Не сортирует, так как не считает нужным",Нет,Нет,Не больше месяца,Нет,Нет,25000.0
3873,2.0,4000000.0,61.0,34.0,Нет,Нет,Нет,Нет,Нет,Нет,86.0,20000.0,2000.0,5500.0,Нет,"Не сортирует, так как нет возможности потом его раздельно выбрасывать в общественные контейнеры",Нет,Нет,Несколько месяцев,Нет,Нет,94000.0
3874,8.0,5000000.0,37.8,25.0,Нет,Нет,Нет,Нет,Нет,Да,150.0,40000.0,5000.0,6000.0,Нет,"Не сортирует, так как не считает нужным",Нет,Нет,Не больше месяца,Нет,Нет,175000.0
3875,2.0,4000000.0,46.0,32.0,Нет,Нет,Нет,Нет,Да,Да,60.0,15000.0,1000.0,4000.0,Нет,Сортирует пищевой и непищевой мусор,Нет,Нет,Не больше месяца,Нет,Нет,72000.0
3876,4.0,4000000.0,50.0,29.0,Нет,Да,Нет,Нет,Нет,Нет,70.0,21000.0,2000.0,8000.0,Нет,"Не сортирует, так как не считает нужным",Нет,Нет,Несколько месяцев,Нет,Нет,175000.0
3877,1.0,10000000.0,100.0,70.0,Нет,Нет,Нет,Нет,Нет,Нет,,20000.0,1000.0,11000.0,Нет,"Не сортирует, так как не считает нужным",Нет,Нет,Полгода и больше,Нет,Нет,58000.0
3878,4.0,9000000.0,100.0,77.0,Нет,Да,Нет,Нет,Да,Нет,60.0,50000.0,4000.0,12500.0,Нет,Сортирует пищевой и непищевой мусор,Нет,Нет,Полгода и больше,Нет,Нет,ОТКАЗ ОТ ОТВЕТА
3879,3.0,5000000.0,40.0,28.0,Нет,Нет,Нет,Нет,Да,Нет,40.0,15000.0,1000.0,11000.0,Нет,"Не сортирует, так как не считает нужным",Нет,Нет,Не больше месяца,Нет,Нет,62100.0
3880,3.0,8000000.0,53.0,38.0,Нет,Да,Нет,Нет,Да,Да,60.0,35000.0,2500.0,8000.0,Нет,"Не сортирует, так как не считает нужным",Нет,Нет,Полгода и больше,Нет,Нет,144000.0
3881,2.0,6000000.0,52.0,43.0,Нет,Нет,Нет,Нет,Нет,Нет,40.0,15000.0,1000.0,5000.0,Нет,"Не сортирует, так как не считает нужным",Нет,Нет,Не больше месяца,Нет,Нет,22000.0
3882,3.0,8000000.0,64.0,38.0,Нет,Да,Нет,Нет,Да,Да,60.0,40000.0,4000.0,8000.0,Нет,"Не сортирует, так как не считает нужным",Нет,Нет,Полгода и больше,Нет,Нет,631000.0
3883,6.0,8000000.0,82.0,54.0,Нет,Да,Нет,Нет,Нет,Нет,120.0,30000.0,5000.0,9000.0,Нет,"Не сортирует, так как не считает нужным",Нет,Нет,Несколько месяцев,Нет,Нет,136000.0
3884,1.0,4000000.0,33.0,15.0,Нет,Нет,Нет,Нет,Да,Нет,50.0,20000.0,1000.0,5500.0,Нет,"Не сортирует, так как не считает нужным",Нет,Нет,Несколько месяцев,Нет,Нет,66000.0
3885,5.0,8000000.0,54.0,38.0,Нет,Да,Нет,Нет,Да,Да,120.0,40000.0,3000.0,10000.0,Нет,"Не сортирует, так как не считает нужным",Нет,Нет,Полгода и больше,Нет,Нет,255000.0
3886,3.0,6000000.0,56.7,41.1,Нет,Нет,Нет,Нет,Да,Нет,60.0,30000.0,2000.0,8000.0,Нет,"Не сортирует, так как не считает нужным",Нет,Нет,Несколько месяцев,Нет,Нет,115000.0
3887,2.0,6000000.0,55.6,45.0,Нет,Нет,Нет,Нет,Да,Нет,40.0,15000.0,1000.0,6000.0,Нет,"Не сортирует, так как не считает нужным",Нет,Нет,Не больше месяца,Нет,Нет,51000.0
3888,2.0,16000000.0,53.8,32.7,Нет,Нет,Нет,Нет,Нет,Нет,90.0,15000.0,300.0,7000.0,Нет,Сортирует пищевой и непищевой мусор,Нет,Да,Не больше месяца,Нет,Нет,46420.0
3889,2.0,15000000.0,53.8,32.3,Нет,Да,Нет,Нет,Да,Да,80.0,20000.0,600.0,5000.0,Нет,Сортирует пищевой и непищевой мусор,Нет,Нет,Несколько месяцев,Нет,Нет,104000.0
3890,5.0,ЗАТРУДНЯЮСЬ ОТВЕТИТЬ,51.5,31.8,Нет,Да,Нет,Нет,Да,Нет,315.0,80000.0,1100.0,8000.0,Нет,"Не сортирует, но хотела бы",Нет,Да,Несколько месяцев,Да,Нет,308400.0
3891,3.0,ЗАТРУДНЯЮСЬ ОТВЕТИТЬ,48.4,31.3,Нет,Нет,Нет,Нет,Нет,Да,205.0,40000.0,900.0,6400.0,Нет,Сортирует пищевой и непищевой мусор,Нет,Да,Не больше двух недель,Нет,Нет,82770.0
3892,4.0,ЗАТРУДНЯЮСЬ ОТВЕТИТЬ,59.0,44.3,Нет,Нет,Нет,Нет,Нет,Нет,315.0,30000.0,1100.0,7600.0,Нет,Сортирует пищевой и непищевой мусор,Нет,Да,Полгода и больше,Нет,Нет,120000.0
3893,2.0,ЗАТРУДНЯЮСЬ ОТВЕТИТЬ,51.5,32.2,Нет,Нет,Нет,Нет,Нет,Нет,45.0,20000.0,750.0,6913.0,Нет,"Не сортирует, так как не считает нужным",Нет,Нет,Ни одного дня,Нет,Нет,51500.0
3894,2.0,16000000.0,91.5,60.0,Да,Да,Нет,Нет,Да,Да,90.0,10000.0,300.0,6256.0,Нет,"Не сортирует, так как не считает нужным",Нет,Нет,Не больше двух недель,Нет,Нет,51844.0
3895,5.0,10000000.0,58.1,43.5,Да,Нет,Нет,Нет,Да,Да,315.0,30000.0,1250.0,8000.0,Нет,"Не сортирует, но хотела бы",Нет,Да,Не больше месяца,Нет,Нет,176700.0
3896,3.0,ЗАТРУДНЯЮСЬ ОТВЕТИТЬ,65.1,44.5,Нет,Нет,Нет,Нет,Да,Нет,45.0,25000.0,2000.0,6550.0,Нет,Сортирует пищевой и непищевой мусор,Нет,Нет,Не больше двух недель,Нет,Нет,54525.0
3897,1.0,ЗАТРУДНЯЮСЬ ОТВЕТИТЬ,33.4,23.2,Нет,Да,Нет,Нет,Да,Да,48.0,10000.0,360.0,3800.0,Нет,"Сортирует и даже специально сдает использованные батарейки, электронику, пластик, алюминиевые банки и др.в пункты приема",Нет,Да,Несколько месяцев,Нет,Нет,87856.0
3898,6.0,nan,42.3,34.5,Нет,Нет,Нет,Нет,Нет,Нет,90.0,40000.0,2000.0,33500.0,Нет,"Не сортирует, так как не считает нужным",Нет,Да,Не больше месяца,Нет,Нет,152991.0
3899,3.0,ЗАТРУДНЯЮСЬ ОТВЕТИТЬ,44.6,28.5,Нет,Нет,Нет,Нет,Да,Нет,90.0,30000.0,2000.0,5000.0,Нет,"Не сортирует, так как не считает нужным",Нет,Да,Не больше месяца,Нет,Нет,102000.0
3900,2.0,ЗАТРУДНЯЮСЬ ОТВЕТИТЬ,41.4,27.5,Нет,Нет,Нет,Нет,Да,Да,135.0,20000.0,1500.0,3400.0,Нет,"Не сортирует, так как не считает нужным",Нет,Да,Не больше месяца,Нет,Нет,178000.0
3901,1.0,ЗАТРУДНЯЮСЬ ОТВЕТИТЬ,41.4,27.5,Нет,Нет,Нет,Нет,Нет,Нет,84.0,10000.0,500.0,5100.0,Нет,"Не сортирует, так как не считает нужным",Нет,Да,Не больше месяца,Нет,Нет,25300.0
3902,2.0,ЗАТРУДНЯЮСЬ ОТВЕТИТЬ,42.3,27.5,Нет,Да,Нет,Нет,Нет,Нет,110.0,20000.0,900.0,6173.0,Нет,"Не сортирует, так как не считает нужным",Нет,Да,Ни одного дня,Нет,Нет,55000.0
3903,3.0,5000000.0,ЗАТРУДНЯЮСЬ ОТВЕТИТЬ,18.0,Нет,Нет,Нет,Нет,Нет,Нет,35.0,15000.0,1000.0,4300.0,Нет,"Не сортирует, так как не считает нужным",Нет,Да,Ни одного дня,Нет,Нет,69000.0
3904,3.0,10000000.0,62.0,41.9,Нет,Нет,Нет,Нет,Да,Нет,70.0,30000.0,1200.0,6300.0,Нет,"Не сортирует, так как нет возможности потом его раздельно выбрасывать в общественные контейнеры",Нет,Нет,Ни одного дня,Нет,Нет,103000.0
3905,4.0,ЗАТРУДНЯЮСЬ ОТВЕТИТЬ,ЗАТРУДНЯЮСЬ ОТВЕТИТЬ,44.0,Нет,Нет,Нет,Нет,Да,Да,70.0,15000.0,1500.0,9000.0,Нет,"Не сортирует, но хотела бы",Нет,Нет,Ни одного дня,Да,Нет,97000.0
3906,3.0,14000000.0,65.0,36.0,Нет,Да,Нет,Нет,Нет,Нет,35.0,20000.0,1000.0,7500.0,Нет,"Не сортирует, так как не считает нужным",Нет,Да,Несколько месяцев,Нет,Нет,178000.0
3907,3.0,12000000.0,61.0,46.0,Нет,Да,Да,Нет,Нет,Нет,120.0,30000.0,1800.0,7000.0,Нет,"Не сортирует, но хотела бы",Нет,Нет,Несколько месяцев,Да,Нет,111000.0
3908,1.0,ЗАТРУДНЯЮСЬ ОТВЕТИТЬ,73.4,44.4,Нет,Нет,Нет,Нет,Да,Нет,90.0,15000.0,600.0,,Нет,"Не сортирует, так как нет возможности потом его раздельно выбрасывать в общественные контейнеры",Нет,Нет,Несколько месяцев,Нет,Нет,39600.0
3909,2.0,13000000.0,73.4,44.4,Нет,Нет,Нет,Нет,Да,Нет,35.0,7000.0,500.0,5000.0,Нет,"Не сортирует, но хотела бы",Нет,Нет,Не больше месяца,Нет,Нет,21830.0
3910,1.0,7000000.0,44.2,27.9,Нет,Нет,Нет,Нет,Нет,Нет,150.0,9500.0,300.0,7100.0,Нет,Сортирует пищевой и непищевой мусор,Нет,Нет,Несколько месяцев,Нет,Нет,19038.0
3911,1.0,8000000.0,54.2,31.0,Нет,Нет,Нет,Нет,Да,Нет,120.0,15000.0,450.0,8000.0,Нет,Сортирует пищевой и непищевой мусор,Нет,Нет,Не больше месяца,Нет,Нет,0.0
3912,1.0,ЗАТРУДНЯЮСЬ ОТВЕТИТЬ,44.2,32.0,Да,Нет,Нет,Нет,Нет,Нет,120.0,15000.0,400.0,7300.0,Нет,"Не сортирует, но хотела бы",Нет,Нет,Не больше месяца,Нет,Нет,40000.0
3913,3.0,15000000.0,58.7,43.1,Нет,Нет,Нет,Нет,Нет,Нет,70.0,30000.0,1000.0,12500.0,Нет,Сортирует пищевой и непищевой мусор,Нет,Нет,Несколько месяцев,Нет,Нет,160000.0
3914,4.0,ЗАТРУДНЯЮСЬ ОТВЕТИТЬ,55.0,32.0,Нет,Да,Нет,Нет,Да,Да,,50000.0,1000.0,11000.0,Нет,"Не сортирует, так как нет возможности потом его раздельно выбрасывать в общественные контейнеры",Нет,Нет,Несколько месяцев,Да,Нет,104000.0
3915,2.0,15000000.0,60.0,35.0,Нет,Нет,Нет,Нет,Нет,Нет,120.0,18000.0,1000.0,4700.0,Нет,"Не сортирует, но хотела бы",Нет,Нет,Не больше двух недель,Нет,Нет,61800.0
3916,3.0,ЗАТРУДНЯЮСЬ ОТВЕТИТЬ,47.2,31.4,Нет,Да,Нет,Нет,Да,Да,102.0,21000.0,2000.0,6200.0,Нет,"Не сортирует, так как не считает нужным",Нет,Да,Несколько месяцев,Нет,Нет,210500.0
3917,2.0,10000000.0,50.0,35.0,Нет,Да,Нет,Нет,Нет,Да,40.0,15000.0,900.0,6000.0,Нет,Сортирует пищевой и непищевой мусор,Да,Нет,Несколько месяцев,Нет,Да,107000.0
3918,3.0,10000000.0,34.0,20.0,Нет,Нет,Нет,Нет,Нет,Нет,63.0,20000.0,1000.0,4500.0,Нет,"Не сортирует, но хотела бы",Нет,Нет,Не больше месяца,Нет,Нет,50000.0
3919,1.0,9000000.0,37.0,24.0,Нет,Нет,Нет,Нет,Нет,Нет,100.0,10000.0,600.0,2700.0,Нет,Сортирует пищевой и непищевой мусор,Нет,Да,Не больше месяца,Нет,Нет,32000.0
3920,1.0,ЗАТРУДНЯЮСЬ ОТВЕТИТЬ,47.0,30.0,Нет,Нет,Нет,Нет,Нет,Нет,36.0,13000.0,300.0,2500.0,Нет,"Не сортирует, но хотела бы",Нет,Нет,Несколько месяцев,Нет,Нет,22000.0
3921,2.0,10000000.0,60.0,45.0,Нет,Нет,Нет,Нет,Нет,Нет,60.0,25000.0,1000.0,5500.0,Нет,"Не сортирует, так как нет возможности потом его раздельно выбрасывать в общественные контейнеры",Нет,Нет,Несколько месяцев,Нет,Нет,160000.0
3922,2.0,ЗАТРУДНЯЮСЬ ОТВЕТИТЬ,56.0,38.0,Нет,Да,Нет,Нет,Да,Нет,100.0,17000.0,600.0,4800.0,Нет,"Не сортирует, так как не считает нужным",Нет,Нет,Не больше месяца,Нет,Нет,21000.0
3923,3.0,10000000.0,46.0,30.0,Нет,Да,Нет,Нет,Да,Да,60.0,35000.0,1200.0,11000.0,Нет,"Не сортирует, так как не считает нужным",Нет,Нет,Несколько месяцев,Нет,Нет,91500.0
3924,2.0,7500000.0,51.5,29.0,Нет,Нет,Нет,Нет,Да,Нет,120.0,ЗАТРУДНЯЮСЬ ОТВЕТИТЬ,350.0,5000.0,Нет,"Не сортирует, так как не считает нужным",Нет,Нет,Не больше месяца,Нет,Нет,ЗАТРУДНЯЮСЬ ОТВЕТИТЬ
3925,1.0,6500000.0,38.3,18.0,Нет,Нет,Нет,Нет,Нет,Нет,50.0,12000.0,300.0,5000.0,Нет,"Не сортирует, но хотела бы",Нет,Нет,Не больше двух недель,Нет,Нет,22430.0
3926,1.0,ЗАТРУДНЯЮСЬ ОТВЕТИТЬ,50.4,30.0,Нет,Нет,Нет,Нет,Нет,Нет,,15000.0,50.0,5000.0,Нет,"Не сортирует, но хотела бы",Нет,Нет,Не больше двух недель,Нет,Нет,24766.0
3927,1.0,5500000.0,40.0,18.0,Нет,Да,Нет,Нет,Нет,Нет,,18000.0,500.0,4200.0,Нет,"Не сортирует, но хотела бы",Нет,Нет,Несколько месяцев,Нет,Нет,22500.0
3928,1.0,ЗАТРУДНЯЮСЬ ОТВЕТИТЬ,39.0,19.9,Нет,Нет,Нет,Нет,Нет,Нет,70.0,10000.0,50.0,3500.0,Нет,"Не сортирует, но хотела бы",Да,Да,Несколько месяцев,Нет,Да,27400.0
3929,1.0,6000000.0,44.0,21.0,Нет,Да,Нет,Нет,Нет,Нет,,10000.0,1000.0,4000.0,Нет,"Не сортирует, но хотела бы",Нет,Нет,Ни одного дня,Нет,Нет,20000.0
3930,4.0,8000000.0,48.0,36.0,Нет,Да,Нет,Нет,Да,Нет,120.0,25000.0,1000.0,14500.0,Да,"Не сортирует, но хотела бы",Нет,Нет,Не больше месяца,Да,Да,95000.0
3931,5.0,7000000.0,47.5,29.0,Нет,Да,Нет,Нет,Да,Нет,300.0,40000.0,1000.0,4000.0,Нет,"Не сортирует, но хотела бы",Нет,Нет,Не больше месяца,Да,Нет,80000.0
3932,4.0,8000000.0,58.1,39.0,Нет,Нет,Нет,Нет,Нет,Нет,258.0,ЗАТРУДНЯЮСЬ ОТВЕТИТЬ,ЗАТРУДНЯЮСЬ ОТВЕТИТЬ,5050.0,Нет,"Не сортирует, так как нет возможности потом его раздельно выбрасывать в общественные контейнеры",Нет,Нет,Ни одного дня,Нет,Нет,85000.0
3933,1.0,12000000.0,52.0,31.0,Нет,Нет,Нет,Нет,Нет,Нет,,8000.0,,4100.0,Нет,"Не сортирует, так как нет возможности потом его раздельно выбрасывать в общественные контейнеры",Нет,Нет,Полгода и больше,Нет,Нет,22450.0
3934,2.0,ЗАТРУДНЯЮСЬ ОТВЕТИТЬ,39.0,21.0,Нет,Нет,Нет,Нет,Нет,Нет,,ЗАТРУДНЯЮСЬ ОТВЕТИТЬ,750.0,6000.0,Нет,"Не сортирует, так как нет возможности потом его раздельно выбрасывать в общественные контейнеры",Нет,Нет,Не больше двух недель,Нет,Нет,80100.0
3935,2.0,6000000.0,30.0,15.0,Нет,Нет,Нет,Нет,Нет,Нет,,5000.0,600.0,1500.0,Нет,"Не сортирует, так как не считает нужным",Нет,Да,Полгода и больше,Нет,Нет,63350.0
3936,4.0,ЗАТРУДНЯЮСЬ ОТВЕТИТЬ,36.8,18.6,Нет,Нет,Нет,Нет,Нет,Нет,80.0,40000.0,1200.0,5000.0,Нет,Сортирует пищевой и непищевой мусор,Нет,Нет,Не больше недели,Да,Нет,180190.0
3937,1.0,ЗАТРУДНЯЮСЬ ОТВЕТИТЬ,ЗАТРУДНЯЮСЬ ОТВЕТИТЬ,20.0,Нет,Нет,Нет,Нет,Да,Нет,,7000.0,900.0,15000.0,Нет,"Не сортирует, так как нет возможности потом его раздельно выбрасывать в общественные контейнеры",Нет,Нет,Несколько месяцев,Нет,Нет,60000.0
3938,2.0,20000000.0,72.0,42.0,Нет,Да,Нет,Нет,Да,Да,35.0,6000.0,1000.0,7000.0,Нет,"Не сортирует, но хотела бы",Нет,Нет,Не больше недели,Нет,Да,58000.0
3939,1.0,9000000.0,54.0,32.0,Нет,Нет,Нет,Нет,Да,Нет,,4000.0,,5200.0,Нет,"Сортирует и даже специально сдает использованные батарейки, электронику, пластик, алюминиевые банки и др.в пункты приема",Нет,Нет,Полгода и больше,Нет,Нет,29500.0
3940,2.0,15000000.0,73.0,43.7,Нет,Да,Нет,Нет,Да,Нет,40.0,25000.0,940.0,9280.0,Нет,"Не сортирует, так как нет возможности потом его раздельно выбрасывать в общественные контейнеры",Нет,Нет,Не больше месяца,Нет,Нет,91600.0
3941,2.0,ЗАТРУДНЯЮСЬ ОТВЕТИТЬ,38.0,22.8,Нет,Да,Нет,Нет,Да,Да,40.0,25000.0,1000.0,4000.0,Нет,"Не сортирует, так как нет возможности потом его раздельно выбрасывать в общественные контейнеры",Нет,Нет,Не больше месяца,Нет,Нет,75598.0
3942,1.0,ЗАТРУДНЯЮСЬ ОТВЕТИТЬ,38.0,18.0,Нет,Нет,Нет,Нет,Да,Нет,38.0,20000.0,150.0,,Нет,"Не сортирует, так как нет возможности потом его раздельно выбрасывать в общественные контейнеры",Нет,Нет,Не больше месяца,Нет,Нет,38800.0
3943,1.0,ЗАТРУДНЯЮСЬ ОТВЕТИТЬ,52.0,31.0,Нет,Нет,Нет,Нет,Да,Нет,45.0,8000.0,400.0,3500.0,Нет,Сортирует пищевой и непищевой мусор,Нет,Нет,Не больше месяца,Нет,Нет,35764.0
3944,1.0,ЗАТРУДНЯЮСЬ ОТВЕТИТЬ,38.7,20.8,Нет,Нет,Нет,Нет,Нет,Да,,10000.0,600.0,3664.0,Нет,"Не сортирует, так как нет возможности потом его раздельно выбрасывать в общественные контейнеры",Нет,Нет,Не больше месяца,Нет,Нет,33000.0
3945,3.0,10000000.0,59.9,36.5,Нет,Да,Нет,Нет,Нет,Да,,20500.0,3000.0,5690.0,Нет,"Не сортирует, так как нет возможности потом его раздельно выбрасывать в общественные контейнеры",Нет,Нет,Не больше месяца,Нет,Нет,163800.0
3946,1.0,ЗАТРУДНЯЮСЬ ОТВЕТИТЬ,50.0,29.2,Нет,Нет,Нет,Нет,Нет,Нет,30.0,15000.0,200.0,4200.0,Нет,"Не сортирует, так как нет возможности потом его раздельно выбрасывать в общественные контейнеры",Нет,Нет,Не больше месяца,Нет,Нет,32000.0
3947,1.0,ЗАТРУДНЯЮСЬ ОТВЕТИТЬ,52.0,30.0,Нет,Нет,Нет,Нет,Да,Нет,,15000.0,200.0,4300.0,Нет,"Не сортирует, так как нет возможности потом его раздельно выбрасывать в общественные контейнеры",Нет,Нет,Не больше двух недель,Нет,Нет,42268.0
3948,4.0,10000000.0,72.4,68.0,Нет,Да,Нет,Нет,Нет,Нет,200.0,15000.0,1500.0,7000.0,Нет,"Не сортирует, так как нет возможности потом его раздельно выбрасывать в общественные контейнеры",Нет,Нет,Несколько месяцев,Нет,Нет,240000.0
3949,2.0,ЗАТРУДНЯЮСЬ ОТВЕТИТЬ,72.4,68.0,Нет,Да,Нет,Да,Да,Да,50.0,20000.0,700.0,,Нет,"Не сортирует, так как не считает нужным",Нет,Нет,Несколько месяцев,Нет,Нет,75000.0
3950,2.0,ЗАТРУДНЯЮСЬ ОТВЕТИТЬ,56.4,32.1,Нет,Да,Нет,Нет,Да,Да,60.0,15000.0,700.0,10000.0,Нет,Сортирует пищевой и непищевой мусор,Да,Да,Полгода и больше,Да,Да,219338.0
3951,2.0,8000000.0,60.3,43.8,Нет,Нет,Нет,Нет,Нет,Нет,90.0,20000.0,300.0,8000.0,Нет,"Не сортирует, так как нет возможности потом его раздельно выбрасывать в общественные контейнеры",Нет,Нет,Не больше месяца,Нет,Нет,62000.0
3952,4.0,8000000.0,44.1,27.9,Нет,Нет,Нет,Нет,Нет,Нет,150.0,30000.0,2000.0,9800.0,Нет,"Не сортирует, так как нет возможности потом его раздельно выбрасывать в общественные контейнеры",Нет,Нет,Несколько месяцев,Нет,Нет,ОТКАЗ ОТ ОТВЕТА
3953,6.0,15000000.0,62.4,48.0,Нет,Да,Нет,Нет,Нет,Нет,500.0,50000.0,2000.0,10000.0,Да,"Сортирует и даже специально сдает использованные батарейки, электронику, пластик, алюминиевые банки и др.в пункты приема",Нет,Нет,Несколько месяцев,Нет,Нет,192700.0
3954,1.0,ЗАТРУДНЯЮСЬ ОТВЕТИТЬ,53.2,33.0,Нет,Нет,Нет,Нет,Да,Нет,35.0,12000.0,500.0,8000.0,Нет,"Не сортирует, так как нет возможности потом его раздельно выбрасывать в общественные контейнеры",Нет,Нет,Не больше месяца,Нет,Нет,29000.0
3955,2.0,8000000.0,44.8,27.9,Нет,Да,Нет,Нет,Нет,Нет,30.0,15000.0,350.0,7500.0,Нет,"Не сортирует, так как не считает нужным",Нет,Нет,Несколько месяцев,Нет,Нет,120000.0
3956,4.0,ЗАТРУДНЯЮСЬ ОТВЕТИТЬ,58.5,43.0,Нет,Нет,Нет,Нет,Нет,Нет,38.0,23000.0,1150.0,7259.0,Нет,"Не сортирует, но хотела бы",Нет,Нет,Не больше месяца,Нет,Нет,105300.0
3957,2.0,7000000.0,58.6,43.0,Нет,Нет,Нет,Нет,Да,Да,60.0,22000.0,700.0,6000.0,Нет,"Не сортирует, так как нет возможности потом его раздельно выбрасывать в общественные контейнеры",Нет,Нет,Несколько месяцев,Нет,Нет,69000.0
3958,3.0,ЗАТРУДНЯЮСЬ ОТВЕТИТЬ,73.7,48.0,Нет,Да,Нет,Нет,Да,Нет,180.0,25000.0,600.0,10000.0,Нет,"Не сортирует, но хотела бы",Нет,Нет,Несколько месяцев,Нет,Нет,145000.0
3959,2.0,ЗАТРУДНЯЮСЬ ОТВЕТИТЬ,56.2,32.0,Нет,Нет,Нет,Нет,Нет,Нет,100.0,25000.0,600.0,8000.0,Нет,"Не сортирует, так как нет возможности потом его раздельно выбрасывать в общественные контейнеры",Нет,Нет,Несколько месяцев,Нет,Нет,78300.0
3960,2.0,ЗАТРУДНЯЮСЬ ОТВЕТИТЬ,54.6,32.0,Нет,Нет,Нет,Нет,Нет,Нет,38.0,30000.0,900.0,5800.0,Нет,Сортирует пищевой и непищевой мусор,Нет,Да,Полгода и больше,Нет,Нет,84200.0
3961,6.0,10000000.0,63.5,45.2,Да,Да,Нет,Нет,Да,Нет,120.0,58000.0,3400.0,9000.0,Нет,Сортирует пищевой и непищевой мусор,Нет,Да,Несколько месяцев,Нет,Нет,176000.0
3962,3.0,ЗАТРУДНЯЮСЬ ОТВЕТИТЬ,46.5,30.5,Нет,Нет,Нет,Нет,Нет,Нет,90.0,25000.0,1100.0,5600.0,Нет,Сортирует пищевой и непищевой мусор,Нет,Нет,Не больше двух недель,Нет,Нет,61000.0
3963,2.0,ЗАТРУДНЯЮСЬ ОТВЕТИТЬ,63.8,42.7,Нет,Нет,Нет,Нет,Да,Нет,60.0,22000.0,500.0,5500.0,Нет,Сортирует пищевой и непищевой мусор,Нет,Да,Несколько месяцев,Нет,Да,66500.0
3964,5.0,10500000.0,44.6,28.0,Нет,Да,Нет,Нет,Да,Нет,190.0,48000.0,2200.0,8500.0,Нет,Сортирует пищевой и непищевой мусор,Нет,Нет,Несколько месяцев,Нет,Нет,127250.0
3965,4.0,9000000.0,45.5,29.8,Нет,Да,Нет,Нет,Нет,Нет,64.0,50000.0,ЗАТРУДНЯЮСЬ ОТВЕТИТЬ,6500.0,Нет,Сортирует пищевой и непищевой мусор,Нет,Да,Несколько месяцев,Нет,Нет,112400.0
3966,2.0,ЗАТРУДНЯЮСЬ ОТВЕТИТЬ,58.6,43.7,Нет,Нет,Нет,Нет,Нет,Нет,64.0,22000.0,600.0,6200.0,Нет,Сортирует пищевой и непищевой мусор,Нет,Да,Несколько месяцев,Нет,Нет,45800.0
3967,1.0,ЗАТРУДНЯЮСЬ ОТВЕТИТЬ,58.7,43.2,Нет,Нет,Нет,Нет,Да,Нет,64.0,ЗАТРУДНЯЮСЬ ОТВЕТИТЬ,600.0,7000.0,Нет,Сортирует пищевой и непищевой мусор,Нет,Нет,Несколько месяцев,Нет,Нет,69300.0
3968,2.0,ЗАТРУДНЯЮСЬ ОТВЕТИТЬ,44.8,28.5,Да,Да,Нет,Нет,Да,Нет,38.0,13000.0,900.0,6500.0,Нет,Сортирует пищевой и непищевой мусор,Нет,Нет,Несколько месяцев,Нет,Нет,45900.0
3969,4.0,ЗАТРУДНЯЮСЬ ОТВЕТИТЬ,ЗАТРУДНЯЮСЬ ОТВЕТИТЬ,17.0,Нет,Да,Нет,Нет,Нет,Нет,64.0,35000.0,400.0,5500.0,Нет,Сортирует пищевой и непищевой мусор,Нет,Да,Несколько месяцев,Нет,Нет,136000.0
3970,1.0,12000000.0,50.8,32.6,Нет,Да,Нет,Нет,Нет,Нет,80.0,25000.0,500.0,8000.0,Нет,"Не сортирует, так как не считает нужным",Нет,Нет,Несколько месяцев,Нет,Да,72000.0
3971,1.0,ЗАТРУДНЯЮСЬ ОТВЕТИТЬ,63.6,39.2,Нет,Нет,Нет,Нет,Нет,Нет,22.0,12000.0,,7800.0,Нет,"Не сортирует, так как нет возможности потом его раздельно выбрасывать в общественные контейнеры",Нет,Да,Несколько месяцев,Нет,Нет,25000.0
3972,1.0,ЗАТРУДНЯЮСЬ ОТВЕТИТЬ,48.5,29.4,Нет,Нет,Нет,Нет,Нет,Нет,60.0,11000.0,,6500.0,Нет,"Не сортирует, так как нет возможности потом его раздельно выбрасывать в общественные контейнеры",Нет,Нет,Не больше месяца,Нет,Нет,21200.0
3973,1.0,ЗАТРУДНЯЮСЬ ОТВЕТИТЬ,62.0,39.0,Нет,Нет,Нет,Нет,Нет,Нет,70.0,12000.0,,7500.0,Нет,"Не сортирует, так как нет возможности потом его раздельно выбрасывать в общественные контейнеры",Нет,Нет,Несколько месяцев,Нет,Нет,25000.0
3974,1.0,ЗАТРУДНЯЮСЬ ОТВЕТИТЬ,46.8,21.6,Нет,Нет,Нет,Нет,Нет,Нет,28.0,10000.0,,6200.0,Нет,"Не сортирует, так как нет возможности потом его раздельно выбрасывать в общественные контейнеры",Нет,Да,Несколько месяцев,Нет,Нет,25700.0
3975,1.0,ЗАТРУДНЯЮСЬ ОТВЕТИТЬ,52.6,31.5,Да,Нет,Нет,Нет,Да,Нет,54.0,10000.0,500.0,7000.0,Нет,"Не сортирует, так как не считает нужным",Нет,Нет,Несколько месяцев,Нет,Нет,22500.0
3976,5.0,10000000.0,58.4,38.6,Нет,Да,Нет,Нет,Да,Нет,84.0,50000.0,1000.0,7600.0,Нет,"Не сортирует, так как нет возможности потом его раздельно выбрасывать в общественные контейнеры",Нет,Да,Полгода и больше,Нет,Нет,105000.0
3977,2.0,12000000.0,52.8,38.0,Нет,Нет,Нет,Нет,Нет,Нет,36.0,26000.0,400.0,8000.0,Нет,"Не сортирует, так как нет возможности потом его раздельно выбрасывать в общественные контейнеры",Нет,Нет,Несколько месяцев,Нет,Нет,87000.0
3978,1.0,ЗАТРУДНЯЮСЬ ОТВЕТИТЬ,54.0,34.8,Нет,Да,Нет,Нет,Да,Нет,45.0,10000.0,500.0,5000.0,Нет,"Не сортирует, так как нет возможности потом его раздельно выбрасывать в общественные контейнеры",Нет,Нет,Ни одного дня,Нет,Нет,31000.0
3979,6.0,8800000.0,50.3,28.5,Нет,Да,Нет,Нет,Да,Да,180.0,80000.0,3000.0,8000.0,Нет,"Не сортирует, так как нет возможности потом его раздельно выбрасывать в общественные контейнеры",Нет,Да,Полгода и больше,Нет,Нет,309400.0
3980,3.0,8500000.0,39.0,19.2,Нет,Да,Нет,Нет,Нет,Нет,38.0,30000.0,1200.0,6000.0,Нет,"Не сортирует, так как нет возможности потом его раздельно выбрасывать в общественные контейнеры",Нет,Нет,Не больше двух недель,Нет,Нет,65050.0
3981,5.0,10000000.0,58.9,39.0,Нет,Да,Нет,Нет,Да,Да,104.0,55000.0,2600.0,8500.0,Нет,"Не сортирует, так как нет возможности потом его раздельно выбрасывать в общественные контейнеры",Нет,Да,Несколько месяцев,Нет,Нет,239500.0
3982,3.0,ЗАТРУДНЯЮСЬ ОТВЕТИТЬ,58.0,38.0,Нет,Да,Нет,Нет,Да,Нет,46.0,25000.0,500.0,8000.0,Нет,"Не сортирует, так как не считает нужным",Нет,Нет,Не больше недели,Нет,Нет,86100.0
3983,1.0,4000000.0,44.7,26.0,Нет,Нет,Нет,Нет,Нет,Нет,37.0,14000.0,1000.0,5500.0,Нет,"Сортирует и даже специально сдает использованные батарейки, электронику, пластик, алюминиевые банки и др.в пункты приема",Нет,Нет,Не больше недели,Нет,Нет,38800.0
3984,1.0,ЗАТРУДНЯЮСЬ ОТВЕТИТЬ,44.0,28.0,Нет,Нет,Нет,Нет,Да,Нет,36.0,10000.0,680.0,9400.0,Нет,"Сортирует и даже специально сдает использованные батарейки, электронику, пластик, алюминиевые банки и др.в пункты приема",Нет,Нет,Не больше двух недель,Да,Да,40216.0
3985,1.0,ЗАТРУДНЯЮСЬ ОТВЕТИТЬ,46.2,29.0,Нет,Нет,Нет,Нет,Нет,Нет,80.0,15000.0,1000.0,6000.0,Нет,"Не сортирует, но хотела бы",Нет,Нет,Несколько месяцев,Да,Нет,43900.0
3986,1.0,ЗАТРУДНЯЮСЬ ОТВЕТИТЬ,37.0,20.0,Нет,Да,Нет,Да,Да,Нет,,10000.0,500.0,4500.0,Нет,"Не сортирует, так как нет возможности потом его раздельно выбрасывать в общественные контейнеры",Нет,Нет,Полгода и больше,Нет,Нет,120000.0
3987,2.0,ЗАТРУДНЯЮСЬ ОТВЕТИТЬ,58.6,33.0,Нет,Нет,Нет,Нет,Нет,Нет,40.0,20000.0,2000.0,6000.0,Нет,"Сортирует и даже специально сдает использованные батарейки, электронику, пластик, алюминиевые банки и др.в пункты приема",Нет,Да,Полгода и больше,Нет,Нет,170000.0
3988,5.0,ЗАТРУДНЯЮСЬ ОТВЕТИТЬ,59.9,30.5,Нет,Нет,Нет,Нет,Нет,Нет,658.0,45000.0,5000.0,15000.0,Нет,"Не сортирует, так как не считает нужным",Да,Да,Несколько месяцев,Нет,Да,108000.0
3989,2.0,12000000.0,55.0,30.5,Нет,Да,Нет,Нет,Да,Нет,,20000.0,500.0,5500.0,Нет,Сортирует пищевой и непищевой мусор,Нет,Нет,Не больше месяца,Нет,Нет,100500.0
3990,3.0,12000000.0,55.1,39.0,Нет,Да,Нет,Нет,Нет,Да,40.0,30000.0,400.0,6000.0,Нет,"Не сортирует, но хотела бы",Нет,Нет,Не больше месяца,Да,Нет,100500.0
3991,6.0,10000000.0,55.0,39.0,Нет,Нет,Нет,Нет,Нет,Нет,105.0,30000.0,1650.0,6000.0,Нет,Сортирует пищевой и непищевой мусор,Нет,Да,Не больше двух недель,Да,Нет,ЗАТРУДНЯЮСЬ ОТВЕТИТЬ
3992,3.0,12000000.0,86.0,49.0,Нет,Да,Нет,Нет,Нет,Нет,240.0,35000.0,1750.0,15000.0,Нет,"Не сортирует, так как не считает нужным",Нет,Нет,Не больше двух недель,Да,Нет,148000.0
3993,2.0,9000000.0,38.0,19.8,Нет,Да,Нет,Нет,Нет,Нет,70.0,35000.0,900.0,6000.0,Нет,"Не сортирует, так как не считает нужным",Нет,Да,Не больше двух недель,Нет,Да,168000.0
3994,1.0,ЗАТРУДНЯЮСЬ ОТВЕТИТЬ,51.0,31.0,Нет,Нет,Нет,Нет,Нет,Нет,,15000.0,1000.0,9050.0,Нет,"Не сортирует, но хотела бы",Нет,Да,ЗАТРУДНЯЮСЬ ОТВЕТИТЬ,Нет,Нет,57500.0
3995,3.0,12000000.0,50.0,30.0,Нет,Да,Нет,Нет,Да,Да,80.0,45000.0,2500.0,7050.0,Нет,"Не сортирует, так как нет возможности потом его раздельно выбрасывать в общественные контейнеры",Нет,Да,Ни одного дня,Нет,Нет,ОТКАЗ ОТ ОТВЕТА
3996,2.0,ЗАТРУДНЯЮСЬ ОТВЕТИТЬ,50.7,30.0,Да,Нет,Нет,Нет,Да,Нет,45.0,25000.0,422.0,3600.0,Нет,Сортирует пищевой и непищевой мусор,Нет,Нет,Не больше месяца,Нет,Нет,46000.0
3997,3.0,12000000.0,68.7,56.7,Нет,Да,Нет,Да,Нет,Нет,148.0,25000.0,1350.0,6300.0,Нет,"Не сортирует, так как не считает нужным",Нет,Нет,Несколько месяцев,Нет,Нет,210000.0
3998,1.0,ЗАТРУДНЯЮСЬ ОТВЕТИТЬ,52.0,31.0,Нет,Нет,Нет,Нет,Нет,Нет,,14000.0,450.0,5000.0,Нет,"Сортирует и даже специально сдает использованные батарейки, электронику, пластик, алюминиевые банки и др.в пункты приема",Да,Да,Несколько месяцев,Нет,Да,70000.0
3999,5.0,ЗАТРУДНЯЮСЬ ОТВЕТИТЬ,113.0,70.0,Нет,Да,Нет,Нет,Да,Да,42.0,ЗАТРУДНЯЮСЬ ОТВЕТИТЬ,1700.0,9500.0,Нет,"Не сортирует, так как не считает нужным",Нет,Нет,Несколько месяцев,Нет,Нет,ОТКАЗ ОТ ОТВЕТА
4000,5.0,ЗАТРУДНЯЮСЬ ОТВЕТИТЬ,73.0,42.0,Нет,Нет,Нет,Нет,Да,Нет,70.0,30000.0,1600.0,10000.0,Да,"Не сортирует, так как нет возможности потом его раздельно выбрасывать в общественные контейнеры",Нет,Нет,Не больше недели,Да,Нет,ОТКАЗ ОТ ОТВЕТА
4001,3.0,ЗАТРУДНЯЮСЬ ОТВЕТИТЬ,38.6,24.4,Нет,Нет,Нет,Нет,Да,Нет,120.0,20000.0,1200.0,5890.0,Нет,"Не сортирует, но хотела бы",Нет,Нет,ЗАТРУДНЯЮСЬ ОТВЕТИТЬ,Нет,Нет,135500.0
4002,2.0,6000000.0,34.6,24.0,Нет,Да,Нет,Нет,Да,Нет,204.0,25000.0,700.0,2900.0,Нет,"Не сортирует, так как нет возможности потом его раздельно выбрасывать в общественные контейнеры",Нет,Нет,Полгода и больше,Нет,Нет,59200.0
4003,1.0,ЗАТРУДНЯЮСЬ ОТВЕТИТЬ,36.0,16.0,Нет,Нет,Нет,Нет,Нет,Нет,,10000.0,550.0,4000.0,Нет,"Сортирует и даже специально сдает использованные батарейки, электронику, пластик, алюминиевые банки и др.в пункты приема",Нет,Нет,Несколько месяцев,Нет,Нет,25000.0
4004,1.0,ЗАТРУДНЯЮСЬ ОТВЕТИТЬ,37.0,18.0,Нет,Нет,Нет,Нет,Нет,Нет,,15000.0,150.0,2100.0,Нет,"Не сортирует, так как нет возможности потом его раздельно выбрасывать в общественные контейнеры",Нет,Нет,Полгода и больше,Нет,Нет,32000.0
4005,3.0,ЗАТРУДНЯЮСЬ ОТВЕТИТЬ,110.0,72.0,Нет,Да,Нет,Нет,Нет,Нет,100.0,15000.0,3000.0,8420.0,Нет,"Не сортирует, но хотела бы",Нет,Нет,Несколько месяцев,Нет,Нет,42000.0
4006,2.0,5000000.0,23.7,18.7,Нет,Да,Нет,Нет,Нет,Да,70.0,30000.0,1600.0,4000.0,Нет,"Не сортирует, так как нет возможности потом его раздельно выбрасывать в общественные контейнеры",Нет,Да,Несколько месяцев,Нет,Нет,116300.0
4007,4.0,ЗАТРУДНЯЮСЬ ОТВЕТИТЬ,83.0,55.0,Нет,Да,Нет,Нет,Да,Нет,200.0,30000.0,2500.0,11000.0,Нет,"Не сортирует, так как нет возможности потом его раздельно выбрасывать в общественные контейнеры",Нет,Нет,Не больше недели,Нет,Нет,134000.0
4008,3.0,3000000.0,40.5,23.5,Нет,Нет,Нет,Нет,Нет,Да,36.0,30000.0,2000.0,5000.0,Нет,"Не сортирует, так как не считает нужным",Нет,Нет,Не больше месяца,Нет,Нет,85000.0
4009,2.0,2000000.0,44.0,30.0,Нет,Нет,Нет,Нет,Нет,Нет,40.0,25000.0,1000.0,3500.0,Нет,"Не сортирует, так как не считает нужным",Нет,Нет,Несколько месяцев,Нет,Нет,70250.0
4010,4.0,11000000.0,59.0,44.3,Нет,Нет,Нет,Нет,Нет,Да,70.0,32000.0,1200.0,7000.0,Нет,"Не сортирует, так как не считает нужным",Нет,Нет,Не больше месяца,Нет,Нет,121000.0
4011,4.0,ЗАТРУДНЯЮСЬ ОТВЕТИТЬ,28.4,27.3,Да,Да,Нет,Нет,Да,Да,270.0,25000.0,3300.0,6100.0,Нет,"Не сортирует, так как не считает нужным",Нет,Нет,Не больше двух недель,Нет,Нет,150000.0
4012,1.0,6000000.0,36.0,19.0,Нет,Нет,Нет,Нет,Нет,Нет,47.0,17000.0,500.0,5000.0,Нет,Сортирует пищевой и непищевой мусор,Нет,Нет,Несколько месяцев,Да,Да,53000.0
4013,2.0,ЗАТРУДНЯЮСЬ ОТВЕТИТЬ,48.5,31.5,Нет,Нет,Нет,Нет,Да,Нет,ЗАТРУДНЯЮСЬ ОТВЕТИТЬ,30000.0,1000.0,7000.0,Нет,Сортирует пищевой и непищевой мусор,Нет,Нет,Не больше месяца,Нет,Нет,70000.0
4014,1.0,ЗАТРУДНЯЮСЬ ОТВЕТИТЬ,48.3,33.5,Нет,Нет,Нет,Нет,Да,Нет,,12000.0,160.0,5000.0,Нет,Сортирует пищевой и непищевой мусор,Нет,Да,Не больше месяца,Нет,Нет,35000.0
4015,1.0,ЗАТРУДНЯЮСЬ ОТВЕТИТЬ,34.4,18.8,Нет,Нет,Нет,Нет,Нет,Нет,120.0,15000.0,,5000.0,Нет,"Не сортирует, но хотела бы",Нет,Нет,Не больше недели,Нет,Нет,40000.0
4016,1.0,5000000.0,38.0,20.0,Нет,Нет,Нет,Нет,Нет,Нет,150.0,10000.0,150.0,3500.0,Нет,"Не сортирует, но хотела бы",Да,ЗАТРУДНЯЮСЬ ОТВЕТИТЬ,Несколько месяцев,Нет,Нет,33000.0
4017,1.0,ЗАТРУДНЯЮСЬ ОТВЕТИТЬ,78.1,49.0,Нет,Нет,Нет,Нет,Да,Да,47.0,15000.0,400.0,6000.0,Нет,"Не сортирует, так как нет возможности потом его раздельно выбрасывать в общественные контейнеры",Нет,Нет,Не больше месяца,Нет,Нет,36064.0
4018,1.0,ЗАТРУДНЯЮСЬ ОТВЕТИТЬ,52.0,34.0,Нет,Нет,Нет,Нет,Нет,Нет,36.0,10000.0,100.0,5300.0,Нет,НЕТ ОТВЕТА,Нет,Нет,Не больше месяца,Нет,Нет,22000.0
4019,4.0,ЗАТРУДНЯЮСЬ ОТВЕТИТЬ,56.0,34.0,Нет,Да,Нет,Нет,Да,Нет,280.0,30000.0,2000.0,5900.0,Нет,"Не сортирует, так как не считает нужным",Нет,Нет,Не больше двух недель,Нет,Нет,80000.0
4020,4.0,8000000.0,54.0,34.0,Нет,Да,Нет,Нет,Да,Нет,240.0,30000.0,2600.0,6300.0,Нет,"Не сортирует, но хотела бы",Нет,Нет,Не больше месяца,Нет,Нет,58000.0
4021,3.0,ЗАТРУДНЯЮСЬ ОТВЕТИТЬ,34.3,19.4,Нет,Да,Нет,Нет,Нет,Нет,100.0,40000.0,850.0,6000.0,Нет,"Не сортирует, так как нет возможности потом его раздельно выбрасывать в общественные контейнеры",Нет,Нет,Не больше месяца,Нет,Нет,65000.0
4022,2.0,ЗАТРУДНЯЮСЬ ОТВЕТИТЬ,38.2,22.8,Нет,Нет,Нет,Нет,Да,Нет,240.0,20000.0,500.0,5250.0,Нет,"Не сортирует, но хотела бы",Нет,Нет,ЗАТРУДНЯЮСЬ ОТВЕТИТЬ,Нет,Нет,42500.0
4023,1.0,ЗАТРУДНЯЮСЬ ОТВЕТИТЬ,63.6,45.1,Да,Нет,Нет,Нет,Нет,Нет,,20000.0,1500.0,8000.0,Нет,Сортирует пищевой и непищевой мусор,Нет,Да,Не больше месяца,Нет,Нет,163000.0
4024,1.0,9500000.0,59.9,39.0,Нет,Да,Нет,Нет,Нет,Нет,39.0,20000.0,690.0,5000.0,Нет,"Не сортирует, так как не считает нужным",Нет,Да,Несколько месяцев,Нет,Нет,85000.0
4025,2.0,ЗАТРУДНЯЮСЬ ОТВЕТИТЬ,50.8,37.1,Нет,Да,Нет,Нет,Нет,Нет,50.0,20000.0,3000.0,5000.0,Нет,"Не сортирует, так как нет возможности потом его раздельно выбрасывать в общественные контейнеры",Нет,Нет,Не больше двух недель,Нет,Нет,95000.0
4026,2.0,ЖИЛЬЕ ПРОДАТЬ НЕВОЗМОЖНО,52.3,29.0,Нет,Нет,Нет,Нет,Да,Нет,40.0,20000.0,1100.0,7000.0,Нет,"Не сортирует, так как нет возможности потом его раздельно выбрасывать в общественные контейнеры",Нет,Нет,Не больше двух недель,Нет,Нет,45000.0
4027,1.0,ЗАТРУДНЯЮСЬ ОТВЕТИТЬ,33.2,15.8,Нет,Нет,Нет,Нет,Да,Нет,72.0,9000.0,300.0,3000.0,Нет,Сортирует пищевой и непищевой мусор,Нет,Да,Не больше месяца,Нет,Нет,28800.0
4028,1.0,ЗАТРУДНЯЮСЬ ОТВЕТИТЬ,35.6,20.0,Нет,Нет,Нет,Нет,Да,Нет,,25000.0,100.0,,Нет,"Сортирует и даже специально сдает использованные батарейки, электронику, пластик, алюминиевые банки и др.в пункты приема",Нет,Нет,Не больше месяца,Нет,Нет,50000.0
4029,2.0,ЗАТРУДНЯЮСЬ ОТВЕТИТЬ,37.0,24.0,Да,Да,Нет,Да,Нет,Да,35.0,10000.0,900.0,4300.0,Нет,"Не сортирует, так как нет возможности потом его раздельно выбрасывать в общественные контейнеры",Нет,Да,Несколько месяцев,Нет,Да,36000.0
4030,1.0,ЗАТРУДНЯЮСЬ ОТВЕТИТЬ,40.0,30.0,Нет,Нет,Нет,Нет,Да,Нет,30.0,8000.0,300.0,4000.0,Нет,"Не сортирует, так как нет возможности потом его раздельно выбрасывать в общественные контейнеры",Нет,Нет,Полгода и больше,Нет,Нет,30000.0
4031,4.0,12000000.0,76.0,46.0,Нет,Да,Нет,Нет,Да,Нет,70.0,40000.0,2000.0,8500.0,Нет,"Не сортирует, так как нет возможности потом его раздельно выбрасывать в общественные контейнеры",Нет,Нет,ЗАТРУДНЯЮСЬ ОТВЕТИТЬ,Нет,Да,ЗАТРУДНЯЮСЬ ОТВЕТИТЬ
4032,3.0,13000000.0,54.5,36.5,Нет,Да,Нет,Нет,Да,Да,200.0,18000.0,600.0,9500.0,Нет,Сортирует пищевой и непищевой мусор,Нет,Нет,Не больше недели,Нет,Нет,70172.0
4642,2.0,ЗАТРУДНЯЮСЬ ОТВЕТИТЬ,48.6,31.4,Нет,Нет,Нет,Нет,Нет,Нет,120.0,18000.0,600.0,6670.0,Нет,"Не сортирует, так как не считает нужным",Нет,Нет,Несколько месяцев,Нет,Нет,50500.0
4643,4.0,ЗАТРУДНЯЮСЬ ОТВЕТИТЬ,42.4,28.9,Нет,Да,Нет,Нет,Да,Нет,250.0,45000.0,1200.0,6450.0,Нет,Сортирует пищевой и непищевой мусор,Нет,ОТКАЗ ОТ ОТВЕТА,Полгода и больше,Нет,Нет,ОТКАЗ ОТ ОТВЕТА
4644,5.0,10000000.0,37.6,24.2,Да,Нет,Нет,Нет,Да,Нет,160.0,ЗАТРУДНЯЮСЬ ОТВЕТИТЬ,2000.0,5840.0,Нет,"Не сортирует, так как нет возможности потом его раздельно выбрасывать в общественные контейнеры",Нет,ОТКАЗ ОТ ОТВЕТА,Несколько месяцев,Да,Нет,165000.0
4645,3.0,ЗАТРУДНЯЮСЬ ОТВЕТИТЬ,78.2,51.1,Нет,Да,Нет,Нет,Да,Нет,160.0,ЗАТРУДНЯЮСЬ ОТВЕТИТЬ,1200.0,6280.0,Нет,"Не сортирует, так как не считает нужным",Нет,Нет,ЗАТРУДНЯЮСЬ ОТВЕТИТЬ,Нет,Нет,97000.0
4646,1.0,ЗАТРУДНЯЮСЬ ОТВЕТИТЬ,29.7,18.0,Нет,Нет,Нет,Нет,Нет,Нет,120.0,10000.0,500.0,5500.0,Да,"Не сортирует, так как не считает нужным",Нет,Нет,Ни одного дня,Нет,Нет,4000.0
4647,6.0,ЗАТРУДНЯЮСЬ ОТВЕТИТЬ,38.0,30.0,Нет,Нет,Нет,Нет,Да,Нет,70.0,50000.0,400.0,5300.0,Нет,"Не сортирует, но хотела бы",Нет,Нет,Несколько месяцев,Нет,Нет,176000.0
4648,3.0,nan,44.0,30.0,Нет,Да,Нет,Нет,Нет,Нет,50.0,20000.0,2000.0,35000.0,Нет,"Сортирует и даже специально сдает использованные батарейки, электронику, пластик, алюминиевые банки и др.в пункты приема",Нет,Нет,Несколько месяцев,Нет,Нет,205000.0
4649,3.0,ЗАТРУДНЯЮСЬ ОТВЕТИТЬ,38.0,27.0,Нет,Нет,Нет,Нет,Нет,Нет,,20000.0,1500.0,4200.0,Нет,"Не сортирует, так как не считает нужным",Нет,Нет,Не больше двух недель,Нет,Нет,91000.0
4650,1.0,ЗАТРУДНЯЮСЬ ОТВЕТИТЬ,44.0,30.0,Нет,Нет,Нет,Нет,Нет,Нет,56.0,10000.0,150.0,5000.0,Нет,"Не сортирует, но хотела бы",Нет,Да,Полгода и больше,Нет,Нет,36000.0
4651,1.0,ЗАТРУДНЯЮСЬ ОТВЕТИТЬ,ЗАТРУДНЯЮСЬ ОТВЕТИТЬ,12.0,Нет,Нет,Нет,Нет,Нет,Нет,,18000.0,400.0,6000.0,Нет,"Не сортирует, так как нет возможности потом его раздельно выбрасывать в общественные контейнеры",Да,Да,Несколько месяцев,Нет,Да,50000.0
4652,2.0,ЗАТРУДНЯЮСЬ ОТВЕТИТЬ,52.0,36.0,Нет,Да,Нет,Нет,Да,Нет,56.0,20000.0,500.0,7000.0,Нет,"Не сортирует, но хотела бы",Нет,Да,Несколько месяцев,Да,Нет,205000.0
4653,6.0,ЗАТРУДНЯЮСЬ ОТВЕТИТЬ,62.4,39.1,Нет,Нет,Нет,Нет,Нет,Нет,230.0,30000.0,1000.0,8700.0,Нет,"Сортирует и даже специально сдает использованные батарейки, электронику, пластик, алюминиевые банки и др.в пункты приема",Нет,Нет,Не больше месяца,Нет,Нет,152400.0
4654,3.0,ЗАТРУДНЯЮСЬ ОТВЕТИТЬ,40.0,21.3,Нет,Да,Нет,Нет,Да,Нет,,30000.0,700.0,4250.0,Нет,"Сортирует и даже специально сдает использованные батарейки, электронику, пластик, алюминиевые банки и др.в пункты приема",Нет,Нет,Не больше месяца,Нет,Нет,88000.0
4655,3.0,ЗАТРУДНЯЮСЬ ОТВЕТИТЬ,52.3,30.0,Нет,Да,Да,Нет,Да,Да,150.0,30000.0,1500.0,10000.0,Нет,"Не сортирует, но хотела бы",Нет,Да,Не больше месяца,Да,Нет,114000.0
4656,1.0,ЗАТРУДНЯЮСЬ ОТВЕТИТЬ,73.2,46.0,Нет,Нет,Нет,Нет,Нет,Да,50.0,20000.0,1500.0,7000.0,Нет,"Сортирует и даже специально сдает использованные батарейки, электронику, пластик, алюминиевые банки и др.в пункты приема",Да,Нет,Не больше месяца,Нет,Нет,36629.0
4657,5.0,ЖИЛЬЕ ПРОДАТЬ НЕВОЗМОЖНО,31.3,20.7,Нет,Нет,Нет,Нет,Нет,Нет,90.0,33000.0,2000.0,7800.0,Нет,"Не сортирует, но хотела бы",Нет,Да,Не больше месяца,Да,Нет,163000.0
4658,5.0,ЖИЛЬЕ НЕ ПОДЛЕЖИТ ПРОДАЖЕ,38.4,25.8,Нет,Нет,Нет,Нет,Нет,Нет,136.0,20000.0,2000.0,9200.0,Нет,"Не сортирует, так как не считает нужным",Нет,Нет,Не больше двух недель,Нет,Нет,47000.0
4659,3.0,ЗАТРУДНЯЮСЬ ОТВЕТИТЬ,62.0,48.0,Нет,Да,Нет,Нет,Да,Нет,76.0,24000.0,1500.0,9600.0,Нет,"Не сортирует, так как не считает нужным",Нет,Нет,Не больше месяца,Нет,Нет,93000.0
4660,2.0,ЗАТРУДНЯЮСЬ ОТВЕТИТЬ,35.7,14.2,Нет,Нет,Нет,Нет,Да,Нет,30.0,17000.0,1000.0,5000.0,Нет,"Не сортирует, так как нет возможности потом его раздельно выбрасывать в общественные контейнеры",Нет,Нет,Не больше двух недель,Нет,Нет,49935.0
4661,1.0,ЗАТРУДНЯЮСЬ ОТВЕТИТЬ,63.2,45.6,Нет,Нет,Нет,Нет,Нет,Нет,,11000.0,550.0,8000.0,Нет,"Не сортирует, так как не считает нужным",Нет,Нет,Несколько месяцев,Нет,Нет,24200.0
4662,5.0,ЗАТРУДНЯЮСЬ ОТВЕТИТЬ,56.6,29.3,Нет,Да,Нет,Нет,Да,Да,135.0,40000.0,2500.0,7663.0,Нет,Сортирует пищевой и непищевой мусор,Нет,Нет,ЗАТРУДНЯЮСЬ ОТВЕТИТЬ,Да,Нет,254000.0
4663,6.0,10000000.0,54.5,28.7,Да,Да,Нет,Да,Да,Да,245.0,35000.0,5000.0,5100.0,Нет,"Не сортирует, так как не считает нужным",Нет,Нет,Не больше месяца,Да,Нет,174800.0
4664,1.0,7500000.0,47.0,17.0,Нет,Нет,Нет,Нет,Нет,Нет,44.0,9000.0,500.0,5150.0,Нет,"Не сортирует, но хотела бы",Нет,Нет,Не больше недели,Нет,Нет,34000.0
4665,1.0,8000000.0,54.0,40.0,Нет,Нет,Нет,Нет,Нет,Нет,35.0,10000.0,100.0,7000.0,Нет,"Не сортирует, но хотела бы",Нет,Нет,Полгода и больше,Нет,Нет,21000.0
4666,2.0,ЗАТРУДНЯЮСЬ ОТВЕТИТЬ,58.1,44.2,Нет,Нет,Нет,Нет,Да,Нет,70.0,15000.0,0.0,5914.0,Нет,"Не сортирует, так как нет возможности потом его раздельно выбрасывать в общественные контейнеры",Нет,Нет,Не больше месяца,Нет,Нет,66085.0
4667,6.0,18000000.0,74.0,47.0,Нет,Да,Нет,Нет,Да,Да,105.0,54000.0,2100.0,,Да,Сортирует пищевой и непищевой мусор,Нет,Нет,Ни одного дня,Да,Нет,167500.0
4668,3.0,ЗАТРУДНЯЮСЬ ОТВЕТИТЬ,100.0,70.0,Нет,Да,Нет,Нет,Нет,Нет,100.0,30000.0,1500.0,15000.0,Нет,"Не сортирует, так как нет возможности потом его раздельно выбрасывать в общественные контейнеры",Нет,Нет,Не больше недели,Нет,Нет,159000.0
4669,3.0,7500000.0,49.0,30.0,Нет,Нет,Нет,Нет,Нет,Нет,,15000.0,1000.0,5500.0,Нет,"Не сортирует, так как нет возможности потом его раздельно выбрасывать в общественные контейнеры",Нет,Нет,Не больше недели,Да,Нет,48000.0
4670,1.0,8000000.0,34.2,21.7,Нет,Нет,Нет,Нет,Нет,Нет,20.0,10000.0,810.0,,Нет,Сортирует пищевой и непищевой мусор,Нет,Нет,Не больше недели,Нет,Нет,30000.0
4671,3.0,ЗАТРУДНЯЮСЬ ОТВЕТИТЬ,49.0,33.8,Нет,Да,Нет,Нет,Нет,Нет,70.0,28000.0,850.0,2000.0,Нет,"Не сортирует, так как нет возможности потом его раздельно выбрасывать в общественные контейнеры",Нет,Нет,Не больше месяца,Нет,Нет,65000.0
4672,6.0,8500000.0,58.6,43.0,Нет,Да,Нет,Нет,Да,Нет,160.0,70000.0,1200.0,5900.0,Нет,"Не сортирует, но хотела бы",Нет,Нет,Несколько месяцев,Нет,Нет,298800.0
4673,2.0,ЗАТРУДНЯЮСЬ ОТВЕТИТЬ,58.6,43.2,Нет,Нет,Нет,Нет,Да,Нет,120.0,20000.0,400.0,8500.0,Нет,"Не сортирует, но хотела бы",Нет,Нет,Не больше месяца,Да,Нет,50000.0
4674,1.0,ОТКАЗ ОТ ОТВЕТА,50.8,30.7,Нет,Нет,Нет,Нет,Нет,Нет,22.0,12000.0,350.0,7500.0,Нет,"Не сортирует, так как нет возможности потом его раздельно выбрасывать в общественные контейнеры",Нет,Нет,Несколько месяцев,Нет,Да,22600.0
4675,6.0,ЗАТРУДНЯЮСЬ ОТВЕТИТЬ,83.1,52.9,Нет,Нет,Нет,Нет,Нет,Нет,71.0,35000.0,1000.0,7520.0,Нет,Сортирует пищевой и непищевой мусор,Нет,Нет,Не больше недели,Нет,Нет,81961.0
4676,4.0,12000000.0,80.0,48.5,Нет,Да,Нет,Нет,Да,Да,25.0,20000.0,1000.0,7300.0,Нет,"Не сортирует, так как нет возможности потом его раздельно выбрасывать в общественные контейнеры",Нет,Нет,Несколько месяцев,Нет,Нет,200000.0
4677,2.0,20000000.0,85.0,45.0,Нет,Да,Нет,Нет,Да,Да,,40000.0,1000.0,6000.0,Нет,"Не сортирует, так как нет возможности потом его раздельно выбрасывать в общественные контейнеры",Нет,Да,Полгода и больше,Нет,Нет,160000.0
4678,4.0,18000000.0,78.8,45.0,Нет,Нет,Нет,Нет,Да,Да,40.0,40000.0,3000.0,7200.0,Нет,"Не сортирует, так как нет возможности потом его раздельно выбрасывать в общественные контейнеры",Нет,Нет,Не больше двух недель,Да,Нет,89800.0
4679,1.0,ЗАТРУДНЯЮСЬ ОТВЕТИТЬ,35.0,17.0,Нет,Нет,Нет,Нет,Нет,Нет,45.0,3500.0,300.0,4500.0,Нет,"Не сортирует, так как не считает нужным",Нет,Нет,ОТКАЗ ОТ ОТВЕТА,Нет,Нет,0.0
4680,2.0,5000000.0,31.0,21.7,Нет,Нет,Нет,Нет,Да,Нет,50.0,20000.0,1000.0,10000.0,Нет,"Не сортирует, так как не считает нужным",Нет,Нет,Не больше месяца,Нет,Нет,91000.0
4681,1.0,ЗАТРУДНЯЮСЬ ОТВЕТИТЬ,40.0,23.0,Нет,Нет,Нет,Нет,Нет,Нет,36.0,10000.0,300.0,4000.0,Нет,"Не сортирует, так как не считает нужным",Нет,Нет,Не больше месяца,Нет,Нет,23250.0
4682,2.0,4000000.0,33.0,18.5,Нет,Нет,Нет,Нет,Нет,Да,,20000.0,1000.0,4700.0,Нет,"Не сортирует, так как не считает нужным",Нет,Нет,Несколько месяцев,Нет,Нет,55000.0
4683,3.0,6000000.0,58.0,38.0,Нет,Нет,Нет,Нет,Нет,Да,70.0,25000.0,3000.0,7000.0,Нет,"Не сортирует, так как не считает нужным",Нет,Нет,Полгода и больше,Нет,Нет,192000.0
4684,1.0,ЗАТРУДНЯЮСЬ ОТВЕТИТЬ,60.0,34.0,Нет,Да,Нет,Нет,Нет,Нет,40.0,12000.0,1000.0,3700.0,Нет,"Не сортирует, так как не считает нужным",Нет,Нет,Несколько месяцев,Нет,Нет,50000.0
4685,2.0,4000000.0,51.0,31.0,Нет,Да,Нет,Нет,Да,Нет,50.0,20000.0,2000.0,3000.0,Нет,"Не сортирует, так как не считает нужным",Нет,Нет,Несколько месяцев,Нет,Нет,42000.0
4686,1.0,ЗАТРУДНЯЮСЬ ОТВЕТИТЬ,32.0,19.0,Нет,Нет,Нет,Нет,Нет,Нет,ЗАТРУДНЯЮСЬ ОТВЕТИТЬ,ЗАТРУДНЯЮСЬ ОТВЕТИТЬ,,,Нет,"Не сортирует, так как не считает нужным",Нет,Нет,ЗАТРУДНЯЮСЬ ОТВЕТИТЬ,Нет,Нет,ЗАТРУДНЯЮСЬ ОТВЕТИТЬ
4687,1.0,8000000.0,31.5,21.4,Нет,Нет,Нет,Нет,Нет,Да,,28000.0,600.0,4500.0,Нет,"Не сортирует, так как нет возможности потом его раздельно выбрасывать в общественные контейнеры",Нет,Нет,Несколько месяцев,Нет,Нет,65000.0
4688,5.0,НЕТ ОТВЕТА,46.0,32.0,Нет,Да,Нет,Нет,Нет,Нет,80.0,20000.0,2000.0,6700.0,Нет,Сортирует пищевой и непищевой мусор,Нет,Нет,ЗАТРУДНЯЮСЬ ОТВЕТИТЬ,Нет,Нет,174000.0
4689,4.0,9000000.0,74.5,50.0,Нет,Да,Нет,Нет,Да,Нет,280.0,30000.0,500.0,9100.0,Нет,"Не сортирует, но хотела бы",Нет,Нет,Несколько месяцев,Нет,Нет,105000.0
4690,4.0,ЗАТРУДНЯЮСЬ ОТВЕТИТЬ,73.6,51.8,Нет,Нет,Нет,Нет,Нет,Нет,240.0,35000.0,1200.0,8560.0,Да,"Не сортирует, так как нет возможности потом его раздельно выбрасывать в общественные контейнеры",Нет,Нет,ЗАТРУДНЯЮСЬ ОТВЕТИТЬ,Нет,Нет,93430.0
4691,1.0,12000000.0,54.6,32.4,Нет,Нет,Нет,Нет,Нет,Нет,50.0,18000.0,600.0,6280.0,Нет,"Не сортирует, но хотела бы",Нет,ОТКАЗ ОТ ОТВЕТА,Полгода и больше,Нет,Нет,ОТКАЗ ОТ ОТВЕТА
4692,9.0,ЗАТРУДНЯЮСЬ ОТВЕТИТЬ,83.6,58.2,Да,Да,Нет,Нет,Нет,Нет,350.0,100000.0,2500.0,9280.0,Нет,"Не сортирует, но хотела бы",Нет,Нет,ЗАТРУДНЯЮСЬ ОТВЕТИТЬ,Нет,Нет,ОТКАЗ ОТ ОТВЕТА
4693,5.0,ЗАТРУДНЯЮСЬ ОТВЕТИТЬ,79.2,54.1,Нет,Нет,Нет,Нет,Нет,Нет,220.0,40000.0,1200.0,11850.0,Нет,Сортирует пищевой и непищевой мусор,Нет,Нет,Не больше месяца,Нет,Нет,167000.0
4694,5.0,ЗАТРУДНЯЮСЬ ОТВЕТИТЬ,75.8,50.2,Нет,Да,Нет,Нет,Да,Нет,200.0,50000.0,2000.0,7950.0,Да,"Не сортирует, так как не считает нужным",Нет,Нет,ЗАТРУДНЯЮСЬ ОТВЕТИТЬ,Нет,Нет,ЗАТРУДНЯЮСЬ ОТВЕТИТЬ
4695,1.0,ЗАТРУДНЯЮСЬ ОТВЕТИТЬ,60.0,12.0,Нет,Нет,Нет,Нет,Нет,Нет,35.0,15000.0,500.0,,Нет,"Сортирует и даже специально сдает использованные батарейки, электронику, пластик, алюминиевые банки и др.в пункты приема",Нет,Нет,Несколько месяцев,Нет,Нет,65000.0
4696,4.0,nan,46.0,30.0,Нет,Да,Нет,Нет,Да,Нет,250.0,20000.0,3000.0,13000.0,Нет,"Сортирует и даже специально сдает использованные батарейки, электронику, пластик, алюминиевые банки и др.в пункты приема",Нет,Нет,Не больше месяца,Нет,Нет,86000.0
4697,2.0,nan,72.0,60.0,Нет,Нет,Нет,Нет,Нет,Нет,240.0,15000.0,1000.0,20000.0,Нет,"Сортирует и даже специально сдает использованные батарейки, электронику, пластик, алюминиевые банки и др.в пункты приема",Нет,Нет,Не больше месяца,Нет,Нет,90000.0
4698,7.0,ЗАТРУДНЯЮСЬ ОТВЕТИТЬ,74.0,60.0,Нет,Да,Нет,Нет,Нет,Нет,104.0,50000.0,2000.0,15000.0,Нет,Сортирует пищевой и непищевой мусор,Нет,Нет,Полгода и больше,Нет,Нет,121000.0
4699,4.0,ЗАТРУДНЯЮСЬ ОТВЕТИТЬ,52.0,29.0,Нет,Да,Нет,Нет,Нет,Нет,110.0,20000.0,20000.0,6000.0,Нет,"Сортирует и даже специально сдает использованные батарейки, электронику, пластик, алюминиевые банки и др.в пункты приема",Нет,Нет,Не больше месяца,Да,Нет,100000.0
4700,4.0,ЖИЛЬЕ НЕ ПОДЛЕЖИТ ПРОДАЖЕ,76.0,60.0,Нет,Да,Нет,Нет,Да,Нет,70.0,30000.0,1500.0,10000.0,Нет,"Не сортирует, так как нет возможности потом его раздельно выбрасывать в общественные контейнеры",Нет,Нет,Несколько месяцев,Да,Нет,135000.0
4701,3.0,ЖИЛЬЕ НЕ ПОДЛЕЖИТ ПРОДАЖЕ,34.0,20.0,Нет,Да,Нет,Нет,Нет,Нет,100.0,20000.0,1000.0,6000.0,Нет,"Сортирует и даже специально сдает использованные батарейки, электронику, пластик, алюминиевые банки и др.в пункты приема",Нет,Нет,Не больше месяца,Нет,Нет,85000.0
4702,4.0,ЖИЛЬЕ НЕ ПОДЛЕЖИТ ПРОДАЖЕ,46.0,30.0,Нет,Да,Нет,Нет,Нет,Нет,175.0,30000.0,1500.0,10000.0,Нет,"Не сортирует, так как нет возможности потом его раздельно выбрасывать в общественные контейнеры",Нет,Нет,Не больше месяца,Нет,Нет,70000.0
4703,4.0,ЖИЛЬЕ НЕ ПОДЛЕЖИТ ПРОДАЖЕ,74.0,43.0,Нет,Да,Нет,Нет,Да,Нет,124.0,25000.0,800.0,11000.0,Нет,"Не сортирует, так как нет возможности потом его раздельно выбрасывать в общественные контейнеры",Нет,Нет,Ни одного дня,Да,Нет,103000.0
4704,2.0,ЖИЛЬЕ НЕ ПОДЛЕЖИТ ПРОДАЖЕ,72.0,60.0,Нет,Да,Нет,Нет,Да,Нет,52.0,20000.0,2800.0,7000.0,Нет,"Не сортирует, так как нет возможности потом его раздельно выбрасывать в общественные контейнеры",Нет,Нет,Несколько месяцев,Нет,Нет,60000.0
4705,2.0,nan,44.0,32.0,Нет,Да,Нет,Нет,Нет,Нет,50.0,40000.0,2000.0,8000.0,Нет,"Сортирует и даже специально сдает использованные батарейки, электронику, пластик, алюминиевые банки и др.в пункты приема",Нет,Нет,Не больше месяца,Да,Нет,130000.0
4706,1.0,ЗАТРУДНЯЮСЬ ОТВЕТИТЬ,39.0,20.0,Нет,Нет,Нет,Нет,Нет,Нет,45.0,15000.0,500.0,5000.0,Нет,Сортирует пищевой и непищевой мусор,Нет,Да,Полгода и больше,Нет,Нет,39000.0
4707,1.0,ЖИЛЬЕ НЕ ПОДЛЕЖИТ ПРОДАЖЕ,60.0,33.6,Нет,Да,Нет,Нет,Нет,Нет,105.0,20000.0,500.0,7000.0,Нет,"Сортирует и даже специально сдает использованные батарейки, электронику, пластик, алюминиевые банки и др.в пункты приема",Нет,Нет,Несколько месяцев,Нет,Нет,50000.0
4708,3.0,ЗАТРУДНЯЮСЬ ОТВЕТИТЬ,50.0,36.0,Нет,Нет,Нет,Нет,Нет,Нет,35.0,20000.0,300.0,9000.0,Нет,"Сортирует и даже специально сдает использованные батарейки, электронику, пластик, алюминиевые банки и др.в пункты приема",Нет,Нет,Несколько месяцев,Нет,Нет,51000.0
4709,6.0,ЗАТРУДНЯЮСЬ ОТВЕТИТЬ,73.0,63.0,Нет,Да,Нет,Нет,Да,Нет,280.0,30000.0,2000.0,3000.0,Нет,"Не сортирует, так как нет возможности потом его раздельно выбрасывать в общественные контейнеры",Нет,Нет,Несколько месяцев,Нет,Нет,89000.0
4710,4.0,ЖИЛЬЕ НЕ ПОДЛЕЖИТ ПРОДАЖЕ,72.0,60.0,Нет,Да,Нет,Нет,Нет,Нет,200.0,30000.0,600.0,7000.0,Нет,"Сортирует и даже специально сдает использованные батарейки, электронику, пластик, алюминиевые банки и др.в пункты приема",Нет,Нет,Не больше месяца,Да,Нет,150000.0
4711,1.0,nan,36.0,20.0,Нет,Нет,Нет,Нет,Нет,Нет,111.0,15000.0,400.0,10000.0,Нет,"Сортирует и даже специально сдает использованные батарейки, электронику, пластик, алюминиевые банки и др.в пункты приема",Нет,Нет,Несколько месяцев,Нет,Нет,43000.0
4712,2.0,ЗАТРУДНЯЮСЬ ОТВЕТИТЬ,52.0,30.0,Нет,Нет,Нет,Да,Нет,Нет,150.0,21000.0,1500.0,5000.0,Нет,"Сортирует и даже специально сдает использованные батарейки, электронику, пластик, алюминиевые банки и др.в пункты приема",Нет,Нет,Несколько месяцев,Да,Нет,87000.0
4713,3.0,ЖИЛЬЕ НЕ ПОДЛЕЖИТ ПРОДАЖЕ,50.0,36.0,Нет,Нет,Нет,Нет,Нет,Нет,,32000.0,800.0,7000.0,Нет,Сортирует пищевой и непищевой мусор,Нет,Нет,Не больше месяца,Нет,Нет,97000.0
4714,7.0,ЖИЛЬЕ НЕ ПОДЛЕЖИТ ПРОДАЖЕ,51.0,36.0,Нет,Да,Нет,Нет,Да,Нет,128.0,25000.0,2500.0,7300.0,Нет,Сортирует пищевой и непищевой мусор,Нет,Нет,Несколько месяцев,Да,Нет,158700.0
4715,1.0,nan,26.0,16.0,Нет,Нет,Нет,Нет,Нет,Нет,170.0,10000.0,500.0,25400.0,Нет,"Не сортирует, так как нет возможности потом его раздельно выбрасывать в общественные контейнеры",Да,Нет,Не больше месяца,Да,Да,50000.0
4716,1.0,ЗАТРУДНЯЮСЬ ОТВЕТИТЬ,57.8,33.8,Нет,Нет,Нет,Нет,Нет,Нет,,20000.0,400.0,7444.0,Нет,"Не сортирует, так как не считает нужным",Нет,Нет,Полгода и больше,Нет,Нет,32342.0
4717,4.0,ОТКАЗ ОТ ОТВЕТА,49.9,37.0,Нет,Да,Нет,Нет,Нет,Нет,120.0,25000.0,1500.0,7000.0,Нет,"Не сортирует, так как не считает нужным",Нет,Нет,Не больше месяца,Да,Нет,62000.0
4718,3.0,13000000.0,58.6,41.2,Нет,Нет,Нет,Нет,Нет,Нет,72.0,22000.0,600.0,7000.0,Нет,"Не сортирует, так как не считает нужным",Нет,Да,Не больше двух недель,Да,Да,88300.0
4719,1.0,12000000.0,54.2,36.0,Да,Нет,Нет,Нет,Да,Нет,52.0,15000.0,300.0,7000.0,Нет,"Не сортирует, так как нет возможности потом его раздельно выбрасывать в общественные контейнеры",Нет,Нет,Полгода и больше,Нет,Нет,26000.0
4720,1.0,ЗАТРУДНЯЮСЬ ОТВЕТИТЬ,50.6,36.4,Нет,Нет,Нет,Нет,Да,Нет,32.0,13000.0,500.0,5000.0,Нет,Сортирует пищевой и непищевой мусор,Нет,Да,Несколько месяцев,Нет,Нет,29900.0
4721,5.0,9800000.0,74.5,45.2,Нет,Да,Нет,Нет,Нет,Да,180.0,35000.0,800.0,11500.0,Нет,"Не сортирует, так как нет возможности потом его раздельно выбрасывать в общественные контейнеры",Нет,Нет,Не больше месяца,Да,Нет,155800.0
4722,4.0,9000000.0,56.2,36.0,Нет,Нет,Нет,Нет,Нет,Нет,100.0,40000.0,1300.0,7100.0,Нет,"Не сортирует, так как нет возможности потом его раздельно выбрасывать в общественные контейнеры",Нет,Нет,Не больше месяца,Нет,Нет,71000.0
4723,5.0,9500000.0,68.7,45.3,Нет,Нет,Нет,Нет,Нет,Нет,138.0,25000.0,1500.0,13500.0,Нет,"Не сортирует, так как нет возможности потом его раздельно выбрасывать в общественные контейнеры",Нет,Нет,Не больше двух недель,Нет,Нет,64200.0
4724,4.0,ОТКАЗ ОТ ОТВЕТА,73.5,43.0,Нет,Да,Нет,Нет,Нет,Нет,80.0,40000.0,1800.0,8500.0,Нет,"Не сортирует, так как нет возможности потом его раздельно выбрасывать в общественные контейнеры",Нет,Нет,Не больше месяца,Нет,Да,ОТКАЗ ОТ ОТВЕТА
4725,1.0,10000000.0,58.0,34.0,Нет,Да,Нет,Нет,Нет,Нет,38.0,15000.0,500.0,7000.0,Нет,"Не сортирует, так как нет возможности потом его раздельно выбрасывать в общественные контейнеры",Нет,Нет,Ни одного дня,Да,Нет,57000.0
4726,3.0,ЗАТРУДНЯЮСЬ ОТВЕТИТЬ,56.4,34.2,Нет,Да,Нет,Нет,Нет,Нет,116.0,38000.0,2000.0,8000.0,Нет,"Не сортирует, так как не считает нужным",Нет,Нет,Несколько месяцев,Нет,Нет,120000.0
4727,4.0,11000000.0,56.4,34.2,Нет,Нет,Нет,Нет,Нет,Нет,260.0,50000.0,600.0,7500.0,Нет,"Не сортирует, так как не считает нужным",Нет,Нет,Ни одного дня,Да,Нет,131600.0
4728,3.0,7800000.0,40.2,20.4,Нет,Нет,Нет,Нет,Нет,Да,96.0,25000.0,2000.0,8000.0,Нет,Сортирует пищевой и непищевой мусор,Нет,Нет,Не больше двух недель,Да,Нет,56000.0
4729,2.0,8000000.0,42.6,29.0,Нет,Нет,Нет,Нет,Нет,Нет,76.0,40000.0,1100.0,7500.0,Нет,"Не сортирует, так как нет возможности потом его раздельно выбрасывать в общественные контейнеры",Нет,Нет,Не больше месяца,Нет,Нет,86000.0
4730,5.0,8300000.0,43.8,30.0,Нет,Нет,Нет,Нет,Да,Да,150.0,50000.0,1500.0,8000.0,Нет,"Не сортирует, так как нет возможности потом его раздельно выбрасывать в общественные контейнеры",Нет,Да,Несколько месяцев,Нет,Нет,112700.0
4743,3.0,ЗАТРУДНЯЮСЬ ОТВЕТИТЬ,36.6,19.0,Нет,Нет,Нет,Нет,Да,Да,100.0,22000.0,1500.0,5700.0,Нет,"Не сортирует, так как нет возможности потом его раздельно выбрасывать в общественные контейнеры",Нет,Нет,Не больше недели,Нет,Нет,43800.0
4744,1.0,ЗАТРУДНЯЮСЬ ОТВЕТИТЬ,46.6,34.0,Нет,Нет,Нет,Нет,Нет,Нет,,12000.0,700.0,7500.0,Нет,"Сортирует и даже специально сдает использованные батарейки, электронику, пластик, алюминиевые банки и др.в пункты приема",Нет,Нет,Не больше недели,Нет,Нет,10000.0
4745,4.0,12000000.0,64.0,35.0,Нет,Да,Нет,Нет,Нет,Нет,80.0,40000.0,1400.0,8500.0,Нет,"Сортирует и даже специально сдает использованные батарейки, электронику, пластик, алюминиевые банки и др.в пункты приема",Нет,Нет,Не больше двух недель,Да,Нет,46000.0
4746,4.0,ЗАТРУДНЯЮСЬ ОТВЕТИТЬ,53.3,40.0,Нет,Нет,Нет,Нет,Нет,Да,100.0,35000.0,340.0,6000.0,Нет,"Сортирует и даже специально сдает использованные батарейки, электронику, пластик, алюминиевые банки и др.в пункты приема",Нет,Да,Не больше двух недель,Нет,Нет,108700.0
4747,3.0,15000000.0,74.0,54.3,Нет,Да,Нет,Нет,Да,Да,140.0,25000.0,900.0,10000.0,Нет,"Не сортирует, так как не считает нужным",Нет,Нет,Не больше двух недель,Нет,Нет,70000.0
4748,1.0,3000000.0,16.5,11.0,Нет,Нет,Нет,Нет,Нет,Нет,85.0,15000.0,470.0,2500.0,Нет,"Не сортирует, так как нет возможности потом его раздельно выбрасывать в общественные контейнеры",Нет,Нет,Не больше недели,Нет,Нет,43000.0
4749,1.0,ЗАТРУДНЯЮСЬ ОТВЕТИТЬ,31.8,18.5,Нет,Нет,Нет,Нет,Да,Нет,74.0,17000.0,600.0,1300.0,Нет,"Не сортирует, но хотела бы",Нет,Да,Не больше месяца,Нет,Нет,36000.0
4750,3.0,ЗАТРУДНЯЮСЬ ОТВЕТИТЬ,51.0,32.0,Да,Да,Нет,Нет,Да,Нет,39.0,30000.0,3000.0,6100.0,Нет,"Не сортирует, но хотела бы",Нет,Нет,Не больше месяца,Нет,Нет,162000.0
4751,5.0,12000000.0,58.0,38.0,Нет,Да,Нет,Нет,Да,Да,100.0,45000.0,1300.0,10000.0,Нет,"Не сортирует, так как нет возможности потом его раздельно выбрасывать в общественные контейнеры",Да,Да,Полгода и больше,Нет,Нет,265000.0
4752,2.0,3000000.0,59.1,37.5,Нет,Да,Нет,Нет,Нет,Нет,ЗАТРУДНЯЮСЬ ОТВЕТИТЬ,30000.0,2000.0,8000.0,Нет,"Не сортирует, так как не считает нужным",Нет,Нет,Полгода и больше,Нет,Нет,120000.0
4753,1.0,4000000.0,23.0,16.0,Нет,Нет,Нет,Нет,Нет,Нет,30.0,15000.0,100.0,,Нет,"Не сортирует, но хотела бы",Да,Нет,Полгода и больше,Нет,Да,23060.0
4754,3.0,ЗАТРУДНЯЮСЬ ОТВЕТИТЬ,54.5,42.0,Нет,Нет,Нет,Нет,Нет,Нет,225.0,25000.0,1000.0,8000.0,Да,"Не сортирует, так как не считает нужным",Нет,Нет,Не больше недели,Нет,Нет,59500.0
4755,1.0,9000000.0,53.0,34.0,Нет,Нет,Нет,Нет,Нет,Нет,40.0,15000.0,500.0,5750.0,Нет,Сортирует пищевой и непищевой мусор,Нет,Нет,Несколько месяцев,Нет,Нет,39150.0
4756,2.0,2000000.0,37.4,19.1,Нет,Нет,Нет,Нет,Нет,Да,ЗАТРУДНЯЮСЬ ОТВЕТИТЬ,25000.0,500.0,4000.0,Нет,"Не сортирует, так как не считает нужным",Нет,Нет,Не больше месяца,Нет,Нет,75250.0
4757,4.0,ЗАТРУДНЯЮСЬ ОТВЕТИТЬ,58.6,43.0,Нет,Да,Нет,Нет,Нет,Нет,120.0,30000.0,1500.0,8000.0,Нет,"Не сортирует, так как нет возможности потом его раздельно выбрасывать в общественные контейнеры",Нет,Нет,Несколько месяцев,Нет,Нет,76000.0
4758,1.0,9000000.0,56.4,32.2,Нет,Нет,Нет,Нет,Да,Нет,35.0,8000.0,750.0,6500.0,Нет,"Не сортирует, но хотела бы",Нет,Нет,Полгода и больше,Нет,Нет,31584.0
4759,3.0,6000000.0,44.8,27.9,Нет,Нет,Нет,Нет,Нет,Нет,100.0,30000.0,1000.0,9500.0,Нет,"Не сортирует, так как нет возможности потом его раздельно выбрасывать в общественные контейнеры",Да,Да,Не больше месяца,Да,Да,105000.0
4760,2.0,7000000.0,44.2,27.8,Нет,Нет,Нет,Нет,Нет,Нет,280.0,20000.0,500.0,5700.0,Нет,Сортирует пищевой и непищевой мусор,Нет,Нет,Не больше месяца,Нет,Нет,54000.0
4761,3.0,ЗАТРУДНЯЮСЬ ОТВЕТИТЬ,38.3,23.8,Нет,Нет,Нет,Нет,Нет,Нет,120.0,28000.0,700.0,5800.0,Нет,"Не сортирует, так как нет возможности потом его раздельно выбрасывать в общественные контейнеры",Нет,Нет,Не больше месяца,Нет,Нет,89000.0
4762,2.0,10000000.0,74.0,46.0,Нет,Да,Нет,Нет,Да,Нет,,25000.0,2000.0,9000.0,Нет,"Не сортирует, так как нет возможности потом его раздельно выбрасывать в общественные контейнеры",Нет,Нет,Не больше месяца,Нет,Да,137000.0
4763,1.0,11000000.0,53.9,32.0,Нет,Нет,Нет,Нет,Да,Нет,225.0,12000.0,600.0,5000.0,Нет,"Не сортирует, так как нет возможности потом его раздельно выбрасывать в общественные контейнеры",Нет,Нет,Ни одного дня,Нет,Нет,23000.0
4764,3.0,5500000.0,38.7,31.0,Нет,Нет,Нет,Нет,Нет,Да,315.0,36000.0,1800.0,6000.0,Нет,"Не сортирует, так как нет возможности потом его раздельно выбрасывать в общественные контейнеры",Нет,Нет,Не больше двух недель,Да,Нет,164000.0
4765,1.0,ЗАТРУДНЯЮСЬ ОТВЕТИТЬ,64.3,44.1,Нет,Нет,Нет,Нет,Нет,Да,,14000.0,500.0,8500.0,Нет,"Не сортирует, так как не считает нужным",Нет,Нет,Ни одного дня,Да,Нет,63160.0
4766,3.0,13000000.0,66.2,41.8,Нет,Да,Нет,Нет,Нет,Да,90.0,23000.0,1100.0,12000.0,Нет,"Не сортирует, так как не считает нужным",Нет,Нет,Не больше двух недель,Нет,Нет,45000.0
4767,4.0,9500000.0,47.7,38.0,Нет,Нет,Нет,Нет,Да,Да,126.0,45000.0,800.0,8000.0,Нет,"Не сортирует, так как нет возможности потом его раздельно выбрасывать в общественные контейнеры",Нет,Нет,Полгода и больше,Нет,Нет,132000.0
4768,5.0,ЗАТРУДНЯЮСЬ ОТВЕТИТЬ,60.5,32.8,Нет,Да,Нет,Нет,Нет,Нет,120.0,35000.0,1600.0,6000.0,Нет,Сортирует пищевой и непищевой мусор,Нет,Да,Несколько месяцев,Да,Нет,250000.0
4769,2.0,ЗАТРУДНЯЮСЬ ОТВЕТИТЬ,49.7,31.5,Нет,Нет,Нет,Нет,Нет,Нет,45.0,18000.0,800.0,5400.0,Нет,Сортирует пищевой и непищевой мусор,Нет,Нет,Не больше месяца,Нет,Нет,46800.0
4770,4.0,ЗАТРУДНЯЮСЬ ОТВЕТИТЬ,69.0,43.0,Нет,Нет,Нет,Нет,Нет,Нет,,26000.0,900.0,8000.0,Нет,"Сортирует и даже специально сдает использованные батарейки, электронику, пластик, алюминиевые банки и др.в пункты приема",Нет,Нет,Не больше двух недель,Нет,Нет,221300.0
4771,3.0,ЗАТРУДНЯЮСЬ ОТВЕТИТЬ,58.0,33.0,Нет,Да,Нет,Нет,Нет,Нет,50.0,20000.0,1000.0,7000.0,Нет,"Сортирует и даже специально сдает использованные батарейки, электронику, пластик, алюминиевые банки и др.в пункты приема",Нет,Нет,Несколько месяцев,Нет,Нет,122000.0
4772,1.0,ЗАТРУДНЯЮСЬ ОТВЕТИТЬ,59.0,28.0,Нет,Нет,Нет,Нет,Нет,Нет,,12000.0,400.0,6000.0,Нет,"Сортирует и даже специально сдает использованные батарейки, электронику, пластик, алюминиевые банки и др.в пункты приема",Нет,Нет,Несколько месяцев,Нет,Нет,22000.0
4773,1.0,ЗАТРУДНЯЮСЬ ОТВЕТИТЬ,42.6,37.0,Нет,Нет,Нет,Нет,Нет,Нет,52.0,20000.0,440.0,7000.0,Нет,"Не сортирует, так как нет возможности потом его раздельно выбрасывать в общественные контейнеры",Нет,Нет,Несколько месяцев,Нет,Нет,59000.0
4774,1.0,17000000.0,52.0,26.5,Нет,Нет,Нет,Нет,Да,Нет,24.0,20000.0,200.0,6000.0,Нет,"Не сортирует, так как нет возможности потом его раздельно выбрасывать в общественные контейнеры",Нет,Нет,Не больше месяца,Нет,Нет,56800.0
4775,3.0,nan,30.0,18.0,Нет,Да,Нет,Нет,Нет,Да,45.0,28000.0,600.0,35500.0,Нет,"Не сортирует, так как нет возможности потом его раздельно выбрасывать в общественные контейнеры",Нет,Да,Несколько месяцев,Нет,Нет,150000.0
4776,6.0,ЗАТРУДНЯЮСЬ ОТВЕТИТЬ,36.8,19.2,Нет,Нет,Нет,Нет,Нет,Нет,800.0,50000.0,3000.0,7000.0,Нет,"Не сортирует, так как нет возможности потом его раздельно выбрасывать в общественные контейнеры",Нет,Нет,Несколько месяцев,Нет,Да,ОТКАЗ ОТ ОТВЕТА
4777,2.0,8000000.0,64.8,43.8,Нет,Да,Нет,Нет,Да,Нет,90.0,ЗАТРУДНЯЮСЬ ОТВЕТИТЬ,200.0,5500.0,Нет,Сортирует пищевой и непищевой мусор,Нет,Нет,Не больше месяца,Нет,Нет,44300.0
4778,1.0,17000000.0,75.0,37.0,Нет,Нет,Нет,Нет,Да,Нет,40.0,8000.0,300.0,5000.0,Нет,"Не сортирует, так как не считает нужным",Нет,Нет,Несколько месяцев,Нет,Нет,24000.0
4779,6.0,17000000.0,55.0,29.0,Нет,Да,Нет,Нет,Да,Нет,200.0,ЗАТРУДНЯЮСЬ ОТВЕТИТЬ,1400.0,5800.0,Нет,"Не сортирует, но хотела бы",Нет,Нет,Несколько месяцев,Нет,Нет,210000.0
4780,2.0,7500000.0,47.3,31.7,Нет,Да,Нет,Нет,Нет,Нет,50.0,20000.0,2000.0,7500.0,Нет,Сортирует пищевой и непищевой мусор,Нет,Нет,Несколько месяцев,Нет,Нет,44300.0
